Z,N2,H2,OH,H2O,O2,OH*,NH2,NH3,NO,lambda,rho,T,mu,ProgressVariable,ProdRateProgressVariable,D,SquareProgVar,ProgVarProdRate
0.0,0.7671179,0.0,0.0,0.0,0.2328821,0.0,0.0,0.0,0.0,0.02482334,0.83462700519138,293.5,1.529486537466406e-05,0.0,0.0,1.529487e-05,0.0,0.0
0.006547691,0.7670895,1.288651e-05,2.106637e-06,0.0032454,0.2293271,8.524968e-24,3.082889e-11,6.257524e-06,0.0002105339,0.0274245,0.9485533139132851,332.7534,1.907731373495713e-05,0.0032454,0.011121835033298964,1.907731e-05,1.053262e-05,3.6094806006619e-05
0.01308127,0.7670613,2.57456e-05,6.188291e-06,0.00648351,0.2257793,2.982212e-22,3.457364e-10,1.249887e-05,0.0004240183,0.02989887,1.061475006562569,371.4659,2.3113352899148303e-05,0.00648351,0.0568883624444623,2.311335e-05,4.20359e-05,0.00036883624020033005
0.01958777,0.7670331,3.855251e-05,1.268015e-05,0.009707752,0.2222457,3.670468e-21,2.487274e-09,1.870989e-05,0.0006406145,0.03227043,1.173116028448533,409.5466,2.7370075640175283e-05,0.009707752,0.15863508419336422,2.737008e-05,9.424045e-05,0.0015399904696053847
0.02606416,0.7670051,5.130289e-05,2.182545e-05,0.01291646,0.2187278,2.803666e-20,1.08569e-08,2.488385e-05,0.0008605055,0.03456026,1.283378591679369,446.9673,3.182300207150139e-05,0.01291646,0.34225525296482917,3.1823e-05,0.0001668349,0.004420725896898754
0.03252116,0.7669771,6.402076e-05,3.376337e-05,0.01611473,0.2152197,1.6003679999999998e-19,3.175686e-08,3.102701e-05,0.001084171,0.03678885,1.3924008332126585,483.7791,3.6459737337506824e-05,0.01611473,0.6404582948102436,3.645974e-05,0.0002596845,0.010320811936773863
0.03899008,0.7669491,7.67727e-05,4.862708e-05,0.01931785,0.2117042,7.389134999999999e-19,7.176437e-08,3.716747e-05,0.001312749,0.03897927,1.5006596899997238,520.1458,4.1286359483629005e-05,0.01931785,1.0954871261406514,4.128636e-05,0.0003731793,0.021162453014345106
0.04552156,0.7669208,8.966617e-05,6.661442e-05,0.02255058,0.208154,2.888494e-18,1.377316e-07,4.335428e-05,0.001548076,0.04115726,1.6089322771443768,556.3276,4.63283200076199e-05,0.02255058,1.7626126614603763,4.632832e-05,0.0005085287,0.03974793179800434
0.0521446,0.7668921,0.00010277,8.791452e-05,0.02582687,0.2045533,9.837392e-18,2.368117e-07,4.961884e-05,0.001791241,0.04333845,1.717607763999319,592.4501,5.1598706366536467e-05,0.02582687,2.7093957095188617,5.159871e-05,0.0006670272,0.06997520289671114
0.05882385,0.766863,0.0001160304,0.0001124976,0.02912874,0.2009215,2.9587560000000005e-17,3.751682e-07,5.593523e-05,0.002040889,0.04551546,1.8260130903226417,628.2854,5.705943964771095e-05,0.02912874,4.004059592302405,5.705944e-05,0.0008484835,0.11663320802014165
0.0654706,0.7668341,0.0001292912,0.0001400088,0.03241185,0.1973073,7.903791e-17,5.561652e-07,6.223092e-05,0.002293407,0.0476627,1.9326494846396884,663.3392,6.262400845418191e-05,0.03241185,5.699021924748814,6.262401e-05,0.001050528,0.1847158348156755
0.07200387,0.7668055,0.0001424123,0.0001699477,0.03563574,0.1937549,1.89102e-16,7.803633e-07,6.844327e-05,0.002545178,0.04975649,2.0362099210255984,697.1906,6.820651648261026e-05,0.03563574,7.828182570653939,6.820652e-05,0.001269906,0.2789629990114201
0.07840516,0.7667774,0.0001553784,0.0002019916,0.0387909,0.1902746,4.115473e-16,1.047867e-06,7.45704e-05,0.002794836,0.05179249,2.1364312155674052,729.766,7.377229446089615e-05,0.0387909,10.42568178327059,7.377229e-05,0.001504734,0.404421515315114
0.08471497,0.7667496,0.0001682959,0.0002361265,0.04189688,0.1868448,8.301772e-16,1.360467e-06,8.066853e-05,0.003043335,0.05378415,2.233977411360803,761.2931,7.934010988041296e-05,0.04189688,13.546023620736761,7.934011e-05,0.001755349,0.5675361530149424
0.09098584,0.7667219,0.0001813015,0.0002724995,0.04497906,0.183437,1.577075e-15,1.721392e-06,8.680916e-05,0.003292207,0.05574758,2.3296713229807398,792.045,8.49431944592961e-05,0.04497906,17.26324423971293,8.494319e-05,0.002023116,0.7764845772263912
0.09724744,0.7666941,0.0001944928,0.0003112188,0.04805137,0.1800352,2.849978e-15,2.13354e-06,9.304635e-05,0.003542163,0.05769078,2.423958013168879,822.1686,9.059739414817753e-05,0.04805137,21.655238512620578,9.059739e-05,0.002308934,1.040563967767176
0.1035139,0.766666,0.0002079414,0.0003523681,0.05112007,0.176632,4.93177e-15,2.599415e-06,9.942374e-05,0.003793356,0.05961632,2.517037195517157,851.7297,9.630619757483466e-05,0.05112007,26.801990976421653,9.63062e-05,0.002613262,1.3701197480445768
0.1098186,0.7666377,0.00022177,0.0003962424,0.05420062,0.1732094,8.229552e-15,3.123972e-06,0.0001060113,0.004046774,0.06153201,2.6093806713258028,880.8782,0.00010209183610897505,0.05420062,32.81481460219862,0.0001020918,0.002937707,1.7785833515772533
0.1162422,0.7666086,0.0002362228,0.0004436012,0.05733126,0.1697238,1.336112e-14,3.718504e-06,0.0001129404,0.00430536,0.06345898,2.7021162704418478,909.9657,0.00010802150236043368,0.05733126,39.885127633110976,0.0001080215,0.003286873,2.2866645428032784
0.1229135,0.7665781,0.0002516894,0.0004957992,0.06057312,0.1661058,2.132001e-14,4.403838e-06,0.0001204193,0.004574046,0.0654308,2.7969915558824927,939.5262,0.00011420902477295421,0.06057312,48.33137077759162,0.000114209,0.003669103,2.927583091626646
0.1299816,0.7665455,0.0002686721,0.0005547167,0.06399593,0.1622752,3.372878e-14,5.211385e-06,0.0001287239,0.004858577,0.06748358,2.895924247255171,970.1303,0.00012078839220892125,0.06399593,58.61883526505961,0.0001207884,0.004095479,3.751365790273112
0.1375329,0.7665103,0.0002876128,0.0006221417,0.0676376,0.1581865,5.302443e-14,6.176563e-06,0.0001381204,0.005162123,0.06963094,2.999839208618418,1002.025,0.00012783547801837822,0.0676376,71.26703008718732,0.0001278355,0.004574845,4.8203306302782165
0.1455013,0.7664727,0.0003086544,0.0006987898,0.07146129,0.1538774,8.225554e-14,7.325934e-06,0.0001487506,0.005481648,0.07185344,3.1075250272296877,1034.797,0.00013528162722440526,0.07146129,86.63080582785243,0.0001352816,0.005106716,6.19074920874644
0.1537187,0.7664333,0.0003316967,0.0007842739,0.0753814,0.1494416,1.246107e-13,8.676278e-06,0.0001606507,0.005809997,0.07411573,3.2164734906296086,1067.651,0.00014295912344664433,0.0753814,104.81985336097355,0.0001429591,0.005682355,7.901466551088053
0.1620526,0.7663925,0.0003567094,0.0008781116,0.07933008,0.1449539,1.832967e-13,1.02504e-05,0.0001739041,0.006141433,0.07638033,3.324781994044651,1099.997,0.00015073062084319133,0.07933008,125.87674501182957,0.0001507306,0.006293262,9.985813155231412
0.1704557,0.7663505,0.0003839023,0.0009803347,0.08328083,0.1404438,2.61762e-13,1.209043e-05,0.0001887387,0.006473626,0.07863455,3.4317702306286866,1131.627,0.00015853886205244568,0.08328083,149.95085705029737,0.0001585389,0.006935697,12.488033417205797
0.1789399,0.766307,0.0004137053,0.00109137,0.08723466,0.1359098,3.638336e-13,1.426172e-05,0.0002055354,0.00680651,0.08088179,3.5375339426381793,1162.567,0.0001663816475569083,0.08723466,177.33710717454332,0.0001663816,0.007609886,15.469943696609768
0.1875302,0.7662616,0.0004466766,0.001211583,0.09119809,0.131345,4.934901e-13,1.685217e-05,0.0002248014,0.007140421,0.08312877,3.642317169336789,1192.884,0.00017426855897184675,0.09119809,208.42642792491728,0.0001742686,0.008317092,19.008091407591685
0.1962152,0.7662139,0.000483321,0.001340492,0.09516001,0.1267628,6.538285e-13,1.996154e-05,0.0002470846,0.007474137,0.08537255,3.7459104023182688,1222.512,0.0001821754224825047,0.09516001,243.54527194934929,0.0001821754,0.009055428,23.17577160135422
0.2049079,0.766164,0.0005238341,0.001475919,0.0990752,0.1222172,8.451837e-13,2.367724e-05,0.0002728152,0.007803467,0.08759109,3.8472429118396594,1251.146,0.0001900103644724045,0.0990752,282.71483773868295,0.0001900104,0.009815895,28.010028992822583
0.2134681,0.7661123,0.0005680221,0.00161414,0.1028766,0.117789,1.064037e-12,2.80561e-05,0.0003022184,0.008122313,0.08974995,3.944731160654304,1278.354,0.00019763742161326092,0.1028766,325.59132506281,0.0001976374,0.01058359,33.495730025755144
0.2217804,0.7660591,0.0006155538,0.001751275,0.1065114,0.1135433,1.304404e-12,3.313609e-05,0.0003354292,0.008425779,0.09182223,4.037208528683761,1303.841,0.000204949012074887,0.1065114,371.7372794624376,0.000204949,0.01134468,39.594256505658755
0.2297981,0.7660045,0.000666256,0.001884416,0.1099597,0.1095068,1.560121e-12,3.896454e-05,0.000372683,0.008711745,0.09379885,4.12435593026704,1327.555,0.00021190334489390298,0.1099597,420.9206304820423,0.0002119033,0.01209114,46.28430587708346
0.2375323,0.765948,0.000720199,0.002011743,0.113228,0.1056757,1.826017e-12,4.561365e-05,0.0004144028,0.008980302,0.09568499,4.206498703977749,1349.623,0.00021851158091158192,0.113228,473.1835707621418,0.0002185116,0.01282058,53.577627147733075
0.2450229,0.7658891,0.0007776488,0.002132096,0.1163341,0.1020316,2.097887e-12,5.318398e-05,0.0004612088,0.009232493,0.09749219,4.2842294941781605,1370.24,0.0002248089019434122,0.1163341,528.7750273976476,0.0002248089,0.01353362,61.51455224232288
0.2523103,0.7658271,0.0008389317,0.002244494,0.1192957,0.09855621,2.37185e-12,6.179253e-05,0.0005138443,0.009469277,0.09923153,4.35809793430516,1389.578,0.00023082975134000618,0.1192957,587.9941374866588,0.0002308298,0.01423146,70.1451551678979
0.2594226,0.7657614,0.0009043293,0.002347896,0.1221244,0.09523784,2.64386e-12,7.155898e-05,0.0005731009,0.009691089,0.1009105,4.428490070882412,1407.761,0.00023659695337597083,0.1221244,651.0673103919834,0.000236597,0.01491437,79.51119212295615
0.266376,0.7656914,0.0009740429,0.002441223,0.1248263,0.09207068,2.909699e-12,8.259724e-05,0.0006397832,0.0098979,0.1025335,4.4956408018964416,1424.872,0.00024212240101385694,0.1248263,718.0981461326026,0.0002421224,0.01558161,89.63754795162872
0.2731793,0.7656164,0.001048202,0.002523478,0.1274047,0.08905213,3.165239e-12,9.501184e-05,0.0007147029,0.01008944,0.1041026,4.559699461089121,1440.965,0.0002474118917873885,0.1274047,789.0582715912029,0.0002474119,0.01623196,100.52974588338934
0.2798372,0.765536,0.001126878,0.002593813,0.1298611,0.08618119,3.406644e-12,0.0001088961,0.0007986826,0.01026533,0.1056191,4.620762472015507,1456.082,0.0002524675564714934,0.1298611,863.7854672399492,0.0002524676,0.01686391,112.17215112665741
0.2863503,0.7654496,0.001210057,0.00265158,0.1321956,0.08345814,3.630505e-12,0.0001243227,0.0008925115,0.01042515,0.1070828,4.678879165138232,1470.251,0.0002572882900755358,0.1321956,941.953825077295,0.0002572883,0.01747568,124.52214607086442
0.2927137,0.7653567,0.001297603,0.002696361,0.1344066,0.08088476,3.833919e-12,0.0001413308,0.0009968749,0.01056842,0.1084926,4.734052751549811,1483.489,0.0002618697141342246,0.1344066,1023.0387411206924,0.0002618697,0.01806513,137.5031658977776
0.2989187,0.765257,0.001389258,0.002728025,0.136492,0.07846337,4.014645e-12,0.0001599199,0.001112315,0.01069479,0.1098463,4.786255406075481,1495.804,0.00026620539927899847,0.136492,1106.3261852204262,0.0002662054,0.01863007,151.0046828722893
0.3049576,0.7651503,0.001484691,0.002746773,0.1384505,0.07619476,4.171317e-12,0.0001800546,0.001239249,0.0108041,0.1111422,4.835480044699177,1507.211,0.00027029110073417093,0.1384505,1190.983570489452,0.0002702911,0.01916854,164.89228726426427
0.3108275,0.7650364,0.001583572,0.002753115,0.1402832,0.07407678,4.303491e-12,0.000201679,0.001378048,0.01089652,0.1123797,4.881763683583605,1517.735,0.00027412684774755425,0.1402832,1276.1486789947473,0.0002741268,0.01967938,179.02223155181505
0.3165301,0.7649149,0.001685604,0.002747781,0.1419931,0.07210492,4.411471e-12,0.0002247239,0.001529067,0.01097244,0.1135595,4.925186418305933,1527.411,0.0002777167328283375,0.1419931,1360.9743003772692,0.0002777167,0.02016204,193.24894847269968
0.3220674,0.7647858,0.00179045,0.002731666,0.1435833,0.07027416,4.496071e-12,0.0002490943,0.001692549,0.01103242,0.114682,4.965830122924158,1536.274,0.00028106558769109755,0.1435833,1444.5957367355227,0.0002810656,0.02061616,207.4198440530708
0.3274381,0.764649,0.00189769,0.002705799,0.1450569,0.06857994,4.558469e-12,0.000274657,0.001868513,0.0110771,0.1157475,5.0037553183664345,1544.354,0.0002841769247820489,0.1450569,1526.1163503209157,0.0002841769,0.0210415,221.37369095506176
0.3326422,0.7645047,0.002006886,0.002671306,0.1464173,0.06701688,4.600174e-12,0.0003012592,0.002056839,0.01110728,0.1167567,5.039045040496285,1551.683,0.0002870565073471796,0.1464173,1604.7025376126921,0.0002870565,0.02143803,234.9562081790756
0.3376856,0.7643527,0.002117714,0.00262931,0.14767,0.06557754,4.622914e-12,0.0003287629,0.002257495,0.01112391,0.1177113,5.071819500030177,1558.305,0.0002897135385628188,0.14767,1679.684674838044,0.0002897135,0.02180643,248.03905706760582
0.3425788,0.7641931,0.002229963,0.002580868,0.1488213,0.06425335,4.628452e-12,0.0003570496,0.002470568,0.01112796,0.1186142,5.10222564184723,1564.264,0.0002921597670119683,0.1488213,1750.546065699319,0.0002921598,0.02214778,260.5185187830784
0.3473309,0.7640257,0.002343417,0.002526986,0.1498773,0.06303644,4.618475e-12,0.0003859942,0.002696076,0.01112037,0.119468,5.1303967284486145,1569.603,0.0002944060206231688,0.1498773,1816.8402194373289,0.000294406,0.02246321,272.3030915257646
0.3519501,0.7638506,0.002457863,0.002468609,0.1508434,0.0619195,4.594573e-12,0.0004154693,0.002933981,0.0111021,0.1202749,5.156459884031217,1574.36,0.00029646266851955454,0.1508434,1878.2028706012175,0.0002964627,0.02275373,283.31452084885643
0.3564492,0.7636675,0.002573234,0.002406533,0.1517259,0.06089455,4.558172e-12,0.000445383,0.003184502,0.01107399,0.121038,5.180557987539722,1578.575,0.0002983415479714489,0.1517259,1934.4167261567409,0.0002983415,0.02302075,293.50109361579115
0.3608436,0.763476,0.002689572,0.002341418,0.1525309,0.05995372,4.510492e-12,0.0004756715,0.003448089,0.01103683,0.1217609,5.20283512891845,1582.287,0.00030005452571215107,0.1525309,1985.3602625142491,0.0003000545,0.02326568,302.8287814595929
0.3651468,0.7632759,0.002806926,0.002273843,0.1532637,0.05909017,4.452575e-12,0.000506273,0.003725237,0.01099127,0.1224464,5.22341594687995,1585.529,0.00030161178945872877,0.1532637,2030.945083094101,0.0003016118,0.02348976,311.27014671530713
0.3693714,0.7630667,0.002925352,0.002204313,0.153929,0.05829796,4.385316e-12,0.000537128,0.004016489,0.01093791,0.1230971,5.242408991779903,1588.328,0.00030302224878376113,0.153929,2071.1117052507966,0.0003030222,0.02369414,318.8041540848851
0.3735291,0.7628479,0.003044926,0.002133268,0.1545307,0.05757187,4.309475e-12,0.0005681805,0.00432246,0.01087728,0.1237154,5.259907825375269,1590.708,0.00030429355755969733,0.1545307,2105.8282934649856,0.0003042936,0.02387974,325.41513822511774
0.3776309,0.762619,0.003165734,0.00206109,0.1550723,0.05690734,4.225706e-12,0.0005993773,0.004643843,0.01080982,0.1243033,5.275995224169123,1592.69,0.00030543232296266124,0.1550723,2135.087636918671,0.0003054323,0.02404742,331.09296989464366
0.3816874,0.7623794,0.003287876,0.001988113,0.1555567,0.05630038,4.13457e-12,0.0006306672,0.004981412,0.01073593,0.1248627,5.290736555180266,1594.288,0.00030644379968001626,0.1555567,2158.8993363300065,0.0003064438,0.02419789,335.8312487831306
0.3857083,0.7621285,0.003411464,0.001914627,0.1559863,0.05574756,4.03656e-12,0.0006619994,0.005336019,0.01065596,0.1253951,5.304192805286795,1595.517,0.00030733272830174064,0.1559863,2177.289462001028,0.0003073327,0.02433173,339.62730619672936
0.3897026,0.7618658,0.003536597,0.001840901,0.1563633,0.055246,3.932133e-12,0.000693318,0.005708546,0.01057019,0.1259019,5.316411549797763,1596.388,0.0003081027960071623,0.1563633,2190.295635013461,0.0003081028,0.02444948,342.481849770969
0.3936772,0.7615905,0.003663341,0.001767199,0.156689,0.05479337,3.821749e-12,0.0007245553,0.006099812,0.01047895,0.1263841,5.327423444925096,1596.907,0.0003087564195452511,0.156689,2197.9670552134166,0.0003087564,0.02455144,344.39725531144114
0.3976371,0.7613023,0.003791703,0.001693795,0.1569648,0.05438784,3.705912e-12,0.0007556269,0.006510489,0.01038255,0.1268422,5.337255860573798,1597.081,0.00030929557829700974,0.1569648,2200.376596773522,0.0003092956,0.02463795,345.3816725038455
0.4015851,0.7610007,0.003921637,0.001620968,0.1571913,0.05402792,3.585181e-12,0.0007864346,0.006941083,0.01028135,0.1272768,5.345924053664524,1596.915,0.00030972166981007,0.1571913,2197.6275858234644,0.0003097217,0.0247091,345.4479456683046
0.4055236,0.7606854,0.004053079,0.001548984,0.1573696,0.05371225,3.460149e-12,0.0008168754,0.007392022,0.0101757,0.127688,5.353442290159784,1596.414,0.00031003599119251674,0.1573696,2189.8598308205164,0.000310036,0.02476519,344.6173546821474
0.4094551,0.7603561,0.004185985,0.001478072,0.1575004,0.05343952,3.331411e-12,0.0008468512,0.007863772,0.01006594,0.1280761,5.359826598889873,1595.582,0.0003102399487171791,0.1575004,2177.2489296426284,0.0003102399,0.02480638,342.91757873049295
0.4133827,0.7600125,0.004320327,0.001408428,0.1575845,0.05320846,3.199558e-12,0.0008762683,0.008356846,0.009952389,0.1284416,5.36508893707931,1594.425,0.00031033477081949585,0.1575845,2159.9960727548983,0.0003103348,0.02483287,340.38189776071914
0.4173089,0.7596542,0.00445607,0.001340232,0.1576226,0.05301793,3.065207e-12,0.0009050322,0.008871713,0.009835362,0.1287846,5.369242829376201,1592.945,0.0003103216713379079,0.1576226,2138.328876861785,0.0003103217,0.02484488,337.0489567561183
0.4212356,0.7592808,0.004593159,0.001273649,0.1576155,0.05286687,2.929006e-12,0.0009330455,0.009408736,0.00971518,0.1291055,5.372300419039433,1591.147,0.0003102019447727517,0.1576155,2112.5034919952723,0.0003102019,0.02484265,332.96330718813795
0.4251647,0.7588922,0.00473155,0.00120882,0.1575638,0.05275427,2.791603e-12,0.0009602156,0.009968295,0.009592146,0.1294045,5.374272390696705,1589.036,0.00030997679926608935,0.1575638,2082.7912036059215,0.0003099768,0.02482635,328.1724732992712
0.4290998,0.7584879,0.00487126,0.001145836,0.157468,0.05267915,2.653589e-12,0.0009864635,0.01055098,0.009466504,0.1296818,5.375167906807489,1586.613,0.00030964724385577994,0.157468,2049.466595212768,0.0003096472,0.02479617,322.725403634796
0.4330464,0.7580672,0.005012385,0.001084739,0.1573287,0.05264065,2.515476e-12,0.001011725,0.01115775,0.009338411,0.1299378,5.3750003359375205,1583.879,0.0003092141480758843,0.1573287,2012.790350799397,0.0003092141,0.02475232,316.66970354185645
0.4370119,0.7576292,0.005155093,0.001025535,0.157146,0.05263805,2.37771e-12,0.001035947,0.01178988,0.009207949,0.1301731,5.373772764644874,1580.833,0.0003086776219980762,0.157146,1973.0010908758711,0.0003086776,0.02469487,310.04922375852414
0.4410044,0.7571728,0.00529959,0.0009682107,0.1569199,0.05267092,2.240706e-12,0.001059076,0.01244892,0.009075156,0.1303878,5.371483759587427,1577.471,0.0003080371362901203,0.1569199,1930.321649819008,0.0003080371,0.02462386,302.9058652842616
0.4450299,0.756697,0.005446017,0.0009127793,0.1566499,0.052739,2.104942e-12,0.001081045,0.01313619,0.008940117,0.1305822,5.368121624458021,1573.788,0.0003072916269649338,0.1566499,1884.9863837594994,0.0003072916,0.02453919,295.28292416615625
0.4490896,0.7562016,0.005594342,0.0008593119,0.1563363,0.05284207,1.971056e-12,0.001101758,0.01385221,0.008803081,0.130756,5.363684636798095,1569.784,0.00030644124888033086,0.1563363,1837.2899447004115,0.0003064412,0.02444104,287.23512784342336
0.4531803,0.7556867,0.00574437,0.0008079173,0.1559792,0.05297972,1.839798e-12,0.001121104,0.01459664,0.008664436,0.1309088,5.358172391695261,1565.464,0.00030548714360116336,0.1559792,1787.5827569725896,0.0003054871,0.02432951,278.8257350876704
0.4572986,0.7551525,0.005895912,0.0007586777,0.1555795,0.0531514,1.711866e-12,0.001138984,0.01536903,0.008524568,0.1310405,5.351597264477542,1560.834,0.00030443128308290534,0.1555795,1736.2224466325342,0.0003044313,0.02420498,270.1206410571331
0.4614454,0.754599,0.00604893,0.0007116042,0.1551375,0.05335666,1.58777e-12,0.001155327,0.01616959,0.008383711,0.131151,5.343961403773157,1555.897,0.00030327456578977606,0.1551375,1683.509764219079,0.0003032746,0.02406764,261.17547912621956
0.4656258,0.7540253,0.006203547,0.0006666509,0.154653,0.05359529,1.467848e-12,0.001170083,0.01699935,0.008241949,0.1312403,5.335256871277324,1550.65,0.0003020166203922054,0.154653,1629.6835552444506,0.0003020166,0.02391755,252.035453848961
0.4698461,0.7534306,0.00635994,0.0006237554,0.1541255,0.0538673,1.352369e-12,0.001183206,0.01785964,0.008099312,0.1313084,5.325477189383555,1545.089,0.0003006568443565386,0.1541255,1574.951298511103,0.0003006568,0.02375467,242.74014973111667
0.4741122,0.7528137,0.006518278,0.0005828594,0.1535547,0.05417281,1.241575e-12,0.001194647,0.01875183,0.007955834,0.1313552,5.314608903245419,1539.206,0.00029919425214417893,0.1535547,1519.5125865882653,0.0002991943,0.02357905,233.32828445487525
0.4784292,0.752174,0.006678699,0.0005439144,0.1529399,0.054512,1.135705e-12,0.001204353,0.01967711,0.007811582,0.1313806,5.30263461400797,1532.998,0.00029762770732638514,0.1529399,1463.5669232258049,0.0002976277,0.02339061,223.8377818018883
0.4828005,0.7515107,0.006841289,0.0005068822,0.1522807,0.054885,1.03499e-12,0.001212267,0.02063637,0.007666665,0.1313841,5.289547167156567,1526.46,0.00029595698751825553,0.1522807,1407.3242243804748,0.000295957,0.02318941,214.30833087810186
0.4872288,0.7508233,0.007006111,0.000471726,0.1515767,0.05529193,9.396278e-13,0.001218338,0.02163039,0.007521215,0.1313656,5.275330024646342,1519.59,0.00029418157474931636,0.1515767,1350.9866977278098,0.0002941816,0.0229755,204.7781301698234
0.4917181,0.750111,0.007173271,0.000438397,0.1508275,0.05573306,8.497414e-13,0.001222516,0.02266014,0.007375324,0.1313246,5.259968692666341,1512.384,0.00029230077342579656,0.1508275,1294.7344557405193,0.0002923008,0.02274893,195.28154508424365
0.4962747,0.7493727,0.007342983,0.0004068255,0.1500319,0.05620895,7.653587e-13,0.001224758,0.02372728,0.007228995,0.1312607,5.2434398013785,1504.831,0.00029031290227014725,0.1500319,1238.7018291739748,0.0002903129,0.02250957,185.8448099121986
0.5009078,0.7486067,0.007515556,0.0003769291,0.1491883,0.0567206,6.864349e-13,0.001225016,0.02483412,0.007082153,0.1311734,5.225700622746743,1496.918,0.00028821447738551926,0.1491883,1182.9836555761622,0.0002882145,0.02225715,176.48732584699462
0.5056258,0.7478114,0.007691282,0.0003486368,0.148295,0.05726909,6.129193e-13,0.001223241,0.02598291,0.006934755,0.1310619,5.206708948614469,1488.63,0.0002860021795283659,0.148295,1127.6768341543445,0.0002860022,0.02199141,167.22881767615206
0.5104302,0.7469864,0.007870194,0.0003219208,0.1473514,0.05785472,5.448347e-13,0.001219384,0.02717423,0.006786976,0.1309255,5.186447604950361,1479.965,0.0002836758117568469,0.1473514,1072.9536093007528,0.0002836758,0.02171244,158.10123115893248
0.515307,0.7461339,0.008051762,0.0002968221,0.1463601,0.0584758,4.823308e-13,0.001213428,0.02840474,0.006639449,0.1307642,5.164969113484701,1470.948,0.0002812432597153069,0.1463601,1019.1372435592835,0.0002812433,0.02142128,149.1610540668967
0.5202272,0.7452592,0.008234887,0.0002734233,0.1453278,0.05912819,4.25594e-13,0.001205422,0.02966679,0.006493223,0.1305789,5.142414013695277,1461.638,0.00027872141074929087,0.1453278,966.6756144670504,0.0002787214,0.02112017,140.48483707803922
0.5251602,0.7443681,0.008418432,0.0002517658,0.1442618,0.05980698,3.746353e-13,0.001195468,0.03095191,0.006349303,0.1303709,5.1189437776167015,1452.102,0.0002761292389973423,0.1442618,915.9638356859999,0.0002761292,0.02081147,132.1385718556376
0.5300899,0.7434641,0.008601794,0.0002317958,0.1431671,0.06050872,3.291838e-13,0.001183689,0.03225494,0.006208213,0.1301415,5.094671737563269,1442.382,0.00027347963532339706,0.1431671,867.1951539482433,0.0002734796,0.02049682,124.15383870778746
0.5350147,0.7425482,0.008784916,0.0002133936,0.1420457,0.06123191,2.887897e-13,0.001170189,0.0335744,0.006070022,0.1298914,5.069646807846191,1432.493,0.00027077799813842574,0.1420457,820.3874832448173,0.000270778,0.02017698,116.53252381213106
0.5399374,0.7416206,0.00896791,0.0001964303,0.1408983,0.06197575,2.529786e-13,0.001155064,0.03491006,0.005934661,0.1296212,5.0438894036458235,1422.44,0.0002680268859480772,0.1408983,775.5005177552472,0.0002680269,0.01985233,109.26668405127214
0.5448598,0.7406815,0.009150849,0.000180791,0.1397261,0.06273937,2.213101e-13,0.001138409,0.03626147,0.005802084,0.1293314,5.0174280362840324,1412.231,0.0002652294244056731,0.1397261,732.4978312167314,0.0002652294,0.01952338,102.34905945802747
0.5497829,0.7397314,0.009333778,0.0001663726,0.1385301,0.06352185,1.93375e-13,0.001120322,0.03762798,0.005672264,0.1290224,4.990286407507786,1401.872,0.00026238871037525456,0.1385301,691.3428012373914,0.0002623887,0.01919059,95.77178022978273
0.5547082,0.7387705,0.009516761,0.0001530782,0.1373112,0.06432242,1.687869e-13,0.001100898,0.03900913,0.005545153,0.1286947,4.962491011688155,1391.37,0.0002595076613417484,0.1373112,651.9894378341307,0.0002595077,0.01885437,89.52547172198935
0.5596387,0.7377987,0.009699926,0.0001408148,0.1360698,0.06514064,1.471815e-13,0.001080224,0.040405,0.005420659,0.1283485,4.934049033592486,1380.727,0.0002565875722159752,0.1360698,614.3759439452557,0.0002565876,0.01851499,83.59798750008017
0.5645793,0.7368156,0.009883467,0.0001294939,0.1348056,0.06597647,1.282197e-13,0.001058375,0.04181621,0.005298647,0.1279839,4.90495665489804,1369.939,0.00025362858883416046,0.1348056,578.4282949291577,0.0002536286,0.01817255,77.97537123164442
0.5695362,0.7358204,0.01006762,0.0001190338,0.1335181,0.06683016,1.11593e-13,0.001035417,0.04324382,0.005178958,0.1276009,4.875204514829397,1359.0,0.0002506301689355868,0.1335181,544.0684361708974,0.0002506302,0.01782708,72.64298487321543
0.5745157,0.7348122,0.01025264,0.0001093609,0.1322066,0.0677021,9.702513e-14,0.00101141,0.04468901,0.005061435,0.127199,4.844771111211236,1347.904,0.0002475909617888057,0.1322066,511.2212166092319,0.000247591,0.01747859,67.58683404381901
0.5795238,0.7337901,0.01043875,0.0001004102,0.13087,0.06859273,8.427149e-14,0.0009864127,0.04615295,0.00494594,0.1267781,4.813635295884534,1336.641,0.00024450976012692593,0.13087,479.8204706580047,0.0002445098,0.01712696,62.79411311657855
0.5845643,0.7327538,0.01062611,9.212689e-05,0.1295082,0.06950217,7.31188e-14,0.0009604926,0.04763624,0.004832389,0.126338,4.781790177916067,1325.208,0.00024138658526147067,0.1295082,449.817024798842,0.0002413866,0.01677237,58.254971746792734
0.5896369,0.7317035,0.01081473,8.44672e-05,0.1281218,0.07042981,6.338358e-14,0.0009337388,0.04913827,0.004720793,0.1258787,4.749246888174708,1313.611,0.00023822364868490982,0.1281218,421.1878151422139,0.0002382236,0.0164152,53.963317766885126
0.594738,0.7306403,0.01100447,7.739418e-05,0.1267125,0.07137444,5.490366e-14,0.0009062601,0.05065743,0.00461123,0.1254007,4.716044596804125,1301.863,0.00023502563877645052,0.1267125,393.92493283173485,0.0002350256,0.01605606,49.91522909837244
0.599865,0.7295651,0.01119526,7.087042e-05,0.1252817,0.07233503,4.752855e-14,0.0008781613,0.05219247,0.004503739,0.1249043,4.68221129602204,1289.974,0.00023179619457959125,0.1252817,368.00883814204235,0.0002317962,0.0156955,46.10477477861335
0.6050201,0.7284777,0.01138719,6.485492e-05,0.1238294,0.07331147,4.111678e-14,0.0008495229,0.05374351,0.004398261,0.1243896,4.647747236914268,1277.944,0.00022853605257531676,0.1238294,343.3951328790935,0.0002285361,0.01533372,42.5224114371764
0.6102094,0.7273771,0.01158049,5.9306e-05,0.1223544,0.0743044,3.55398e-14,0.0008204022,0.05531192,0.004294658,0.1238558,4.612622718827434,1265.762,0.00022524345422709972,0.1223544,320.0234874748843,0.0002252435,0.0149706,39.15628211538568
0.6154402,0.7262619,0.01177545,5.418503e-05,0.1208552,0.0753148,3.068524e-14,0.0007908482,0.05689951,0.004192773,0.1233023,4.5767951907036135,1253.416,0.00022191552609116517,0.1208552,297.83302478105753,0.0002219155,0.01460598,35.99466803360283
0.6207205,0.7251308,0.01197238,4.945745e-05,0.11933,0.07634379,2.645631e-14,0.0007609075,0.05850826,0.004092455,0.1227281,4.5402147249152005,1240.889,0.00021854895645434655,0.11933,276.76781205690344,0.000218549,0.01423965,33.02670236486164
0.6260584,0.7239822,0.01217158,4.509219e-05,0.1177768,0.07739262,2.276973e-14,0.0007306254,0.0601403,0.003993557,0.1221322,4.502833182638516,1228.166,0.0002151404613782992,0.1177768,256.77707913819376,0.0002151405,0.01387137,30.242383007388245
0.6314626,0.7228142,0.0123734,4.106129e-05,0.1161934,0.07846268,1.95539e-14,0.0007000461,0.06179796,0.003895931,0.1215133,4.464588668516792,1215.227,0.00021168619477750274,0.1161934,237.81345877041653,0.0002116862,0.01350091,27.63235273107818
0.6369423,0.7216252,0.01257819,3.733947e-05,0.1145775,0.07955553,1.674732e-14,0.0006692133,0.06348376,0.003799433,0.1208702,4.425415159259629,1202.053,0.00020818192881719716,0.1145775,219.8332503567991,0.0002081819,0.013128,25.18794516910618
0.6425075,0.720413,0.01278633,3.390388e-05,0.1129263,0.08067292,1.429723e-14,0.0006381707,0.06520048,0.003703919,0.1202011,4.385241732065238,1188.622,0.0002046231849484471,0.1129263,202.79638094770334,0.0002046232,0.01275235,22.90104351212256
0.648169,0.7191754,0.01299823,3.073377e-05,0.1112369,0.08181679,1.215839e-14,0.0006069628,0.06695115,0.003609242,0.1195044,4.3439826066936424,1174.911,0.00020100471973710215,0.1112369,186.66536347188466,0.0002010047,0.01237365,20.764076132639165
0.6539382,0.7179099,0.01321434,2.781024e-05,0.109506,0.08298932,1.029206e-14,0.0005756352,0.06873911,0.003515256,0.118778,4.301548901728535,1160.891,0.00019732116740595954,0.109506,171.40523859831447,0.0001973212,0.01199156,18.769903266768296
0.6598279,0.7166138,0.01343515,2.511595e-05,0.1077299,0.08419293,8.665014e-15,0.0005442351,0.07056805,0.003421807,0.1180195,4.257837614589055,1146.534,0.0001935663647859798,0.1077299,156.98310915818294,0.0001935664,0.01160573,16.9117733467881
0.6658519,0.715284,0.01366117,2.263507e-05,0.1059045,0.08543033,7.248809e-15,0.0005128126,0.07244204,0.00332874,0.1172263,4.212731126227327,1131.806,0.00018973353211807276,0.1059045,143.3680027062585,0.0001897335,0.01121576,15.18331488859222
0.6720255,0.7139174,0.01389301,2.035295e-05,0.1040252,0.08670457,6.019019e-15,0.000481421,0.07436562,0.00323589,0.1163955,4.166102506952184,1116.672,0.00018581533750637933,0.1040252,130.53053232374782,0.0001858153,0.01082124,13.578465416141563
0.6783655,0.71251,0.01413131,1.825597e-05,0.102087,0.08801905,4.954614e-15,0.0004501175,0.07634383,0.003143085,0.1155235,4.117805473222322,1101.09,0.00018180358232604946,0.102087,118.44220948264716,0.0001818036,0.01042176,12.091408693016778
0.6848906,0.7110577,0.01437678,1.633141e-05,0.1000841,0.08937764,4.03741e-15,0.0004189641,0.07838232,0.003050141,0.1146065,4.067674717815236,1085.015,0.00017768917026350802,0.1000841,107.07527272742065,0.0001776892,0.01001683,10.716533104567308
0.6916226,0.7095557,0.01463026,1.456717e-05,0.09800978,0.09078479,3.251523e-15,0.0003880262,0.08048763,0.002956854,0.1136399,4.0155175660823685,1068.394,0.00017346160502646428,0.09800978,96.40177501938491,0.0001734616,0.009605917,9.448316072631075
0.6985839,0.7079988,0.0148926,1.295208e-05,0.09585702,0.09224526,2.583154e-15,0.0003573829,0.08266664,0.002863022,0.1126186,3.96112865230916,1051.171,0.0001691102869322762,0.09585702,86.39609781294205,0.0001691103,0.009188568,8.281674274014245
0.7057906,0.7063835,0.01516443,1.147723e-05,0.09362077,0.09376241,2.020658e-15,0.00032716,0.08492415,0.002768547,0.1115382,3.904349679804283,1033.307,0.00016462932494574909,0.09362077,77.04410275311314,0.0001646293,0.008764849,7.212926833267871
0.7132482,0.7047084,0.01544598,1.013542e-05,0.09129924,0.09533743,1.553777e-15,0.0002975374,0.08726168,0.002673469,0.1103958,3.8450964446315723,1014.787,0.00016001968689379652,0.09129924,68.34159067794818,0.0001600197,0.008335551,6.2395341281147685
0.7209592,0.7029729,0.01573735,8.918864e-06,0.08889161,0.09697085,1.172419e-15,0.0002687064,0.08967979,0.002577852,0.1092029,3.783314448288712,995.6074,0.00015528493086938675,0.08889161,60.280267934329224,0.0001552849,0.007901718,5.3584104026014066
0.7289326,0.701175,0.01603889,7.817973e-06,0.08639509,0.09866452,8.662558e-16,0.0002408326,0.09218103,0.002481671,0.1079758,3.7188988489264285,975.7477,0.0001504254792173057,0.08639509,52.839342082166844,0.0001504255,0.007464112,4.565059904022658
0.7371862,0.6993106,0.01635128,6.821861e-06,0.08380405,0.1004223,6.250094e-16,0.0002140495,0.09477083,0.002384784,0.106652,3.6516581083972803,955.1631,0.00014543623072928725,0.08380405,45.98737548758765,0.0001454362,0.007023119,3.853927102679514
0.7457453,0.697374,0.0166755,5.919523e-06,0.08111063,0.1022494,4.388774e-16,0.0001884733,0.09745681,0.002286976,0.1052267,3.5813206907937856,933.7877,0.00014030769274847024,0.08111063,39.68962842365305,0.0001403077,0.006578934,3.2192506014828104
0.7546403,0.6953583,0.0170127,5.100576e-06,0.0783052,0.1041526,2.987195e-16,0.0001642127,0.1002484,0.002187981,0.1036941,3.5075645891712357,911.5418,0.000135028469147988,0.0783052,33.91307413132532,0.0001350285,0.006131704,2.6555701353323644
0.7639055,0.6932558,0.01736418,4.355829e-06,0.075377,0.106139,1.961435e-16,0.0001413754,0.103156,0.002087507,0.1020479,3.430025759493454,888.3367,0.00012958654469495066,0.075377,28.629982541168886,0.0001295865,0.005681692,2.1580422098969962
0.7735745,0.6910586,0.01773122,3.677929e-06,0.0723154,0.108216,1.23565e-16,0.0001200772,0.1061901,0.001985289,0.1002815,3.3483305056682213,864.085,0.00012397190348906084,0.0723154,23.821878192423867,0.0001239719,0.005229517,1.7226885888561536
0.7836719,0.6887613,0.01811476,3.062e-06,0.06911267,0.110389,7.424104000000001e-17,0.0001004505,0.1093581,0.001881168,0.09839011,3.262177627529126,838.7229,0.00011818210584657261,0.06911267,19.482749115378983,0.0001181821,0.004776561,1.3465049192007534
0.7941996,0.6863633,0.01851487,2.506154e-06,0.06576827,0.1126582,4.229306e-17,8.264635e-05,0.1126605,0.001775212,0.09637337,3.1714478357088534,812.2444,0.0001122294199992769,0.06576827,15.620179795720702,0.0001122294,0.004325465,1.027312191616341
0.8051355,0.6838698,0.01893069,2.010919e-06,0.06228949,0.115019,2.2713970000000003e-17,6.68049e-05,0.1160902,0.001667714,0.09423584,3.076239678446819,784.7065,0.00010614143565644802,0.06228949,12.248303607629321,0.0001061414,0.003879981,0.7629406636433383
0.8164532,0.6812869,0.01936121,1.577515e-06,0.05868499,0.1174654,1.1420100000000001e-17,5.299979e-05,0.1196388,0.001558967,0.09198311,2.9767007677506623,756.1791,9.994903888285612e-05,0.05868499,9.373734902173707,9.994904e-05,0.003443928,0.5500975762511668
0.8281462,0.6786161,0.01980615,1.206541e-06,0.05495722,0.1199959,5.318213e-18,4.121516e-05,0.1233042,0.001449049,0.08961653,2.872816121094945,726.6848,9.367331196915744e-05,0.05495722,6.987159948346767,9.367331e-05,0.003020296,0.38399496682615586
0.8402285,0.6758545,0.02026603,8.976665e-07,0.05110211,0.1226131,2.257352e-18,3.13698e-05,0.1270906,0.001337832,0.08713215,2.7643973268277846,696.1975,8.73264545913184e-05,0.05110211,5.064320614801965,8.732645e-05,0.002611426,0.25879745951885663
0.852719,0.6729978,0.02074154,6.49229e-07,0.04711403,0.1253207,8.532355999999999e-19,2.334229e-05,0.1310041,0.001225136,0.08452311,2.651213977624284,664.6813,8.09208037314246e-05,0.04711403,3.5677996276104844,8.09208e-05,0.002219732,0.16809340863134523
0.8656405,0.6700409,0.02123354,4.573144e-07,0.04298598,0.1281234,2.7746959999999996e-19,1.697366e-05,0.1350519,0.001110733,0.08177901,2.532997998171682,632.0924,7.446988784644763e-05,0.04298598,2.4464452032743558,7.446989e-05,0.001847794,0.10516283250981347
0.8790406,0.6669731,0.02174382,3.151405e-07,0.03870312,0.1310309,7.353895e-20,1.20625e-05,0.1392488,0.0009941687,0.07888054,2.409252493275174,598.3275,6.797917923995311e-05,0.03870312,1.6368439756039093,6.797918e-05,0.001497931,0.06335095701532165
0.8930209,0.6637711,0.02227623,2.134829e-07,0.0342332,0.1340649,1.454467e-20,8.370209e-06,0.1436269,0.0008745194,0.07579121,2.278957632126557,563.1491,6.143477247228844e-05,0.0342332,1.069578855466456,6.143477e-05,0.001171912,0.03661510069232454
0.9077615,0.6603939,0.02283763,1.419821e-07,0.02951879,0.1372641,1.875401e-21,5.637662e-06,0.1482426,0.0007502209,0.07244845,2.1403110899363,526.1236,5.479842764186089e-05,0.02951879,0.6778673426625212,5.479843e-05,0.000871359,0.020009824027902808
0.9235333,0.6567793,0.02343832,9.091904e-08,0.02447333,0.140687,1.38117e-22,3.615898e-06,0.1531811,0.0006190078,0.06875459,1.9905619495722982,486.5908,4.801217507310837e-05,0.02447333,0.4059504266470955,4.801218e-05,0.0005989439,0.009934958388297726
0.9407066,0.6528425,0.02409241,5.298134e-08,0.01897836,0.1444138,5.605541e-24,2.112063e-06,0.1585585,0.000477869,0.06456374,1.8258493897007124,443.6397,4.100954499285454e-05,0.01897836,0.21553695583069485,4.100954e-05,0.0003601781,0.0040905380285172115
0.9596043,0.6485093,0.02481219,2.480783e-08,0.01293051,0.1485147,9.351862999999999e-26,1.033817e-06,0.1644759,0.000324246,0.05970094,1.642502444454263,396.4637,3.3791465590148665e-05,0.01293051,0.0887671064576462,3.379147e-05,0.0001671981,0.0011478040317193503
0.979725,0.6438947,0.02557855,6.673675e-09,0.006490325,0.1528807,2.953077e-28,3.535913e-07,0.1707763,0.0001621841,0.054165,1.4446069787807458,346.2694,2.6696048046472427e-05,0.006490325,0.020041971611161495,2.669605e-05,4.212432e-05,0.00013007891310082287
1.0,0.639244,0.0263508,0.0,0.0,0.15728,0.0,0.0,0.1771252,0.0,0.04812421,1.2418667044856473,295.6,2.0196155329706916e-05,0.0,0.0,2.019616e-05,0.0,0.0
