Z,N2,H2,OH,H2O,O2,OH*,NH2,NH3,NO,lambda,mu,T,rho,ProgressVariable,ProdRateProgressVariable,D,SquareProgVar,ProgVarProdRate
0.000000e+00,7.671179e-01,0.000000e+00,0.000000e+00,0.000000e+00,2.328821e-01,0.000000e+00,0.000000e+00,0.000000e+00,0.000000e+00,2.482334e-02,1.832539e-05,2.935000e+02,1.198140e+00,0.000000e+00,0.000000e+00,1.529487e-05,0.000000e+00,0.000000e+00
1.294036e-02,7.657582e-01,1.600345e-04,2.043554e-16,2.243619e-03,2.298832e-01,2.773932e-39,9.809558e-16,1.894884e-03,3.341266e-06,2.693065e-02,1.961149e-05,3.220264e+02,1.086538e+00,2.243619e-03,5.225516e-12,1.804952e-05,5.033826e-06,1.172407e-14
2.570510e-02,7.644170e-01,3.178971e-04,1.259043e-15,4.456788e-03,2.269250e-01,2.651887e-36,8.473799e-15,3.764051e-03,6.637166e-06,2.895903e-02,2.080521e-05,3.497271e+02,9.955607e-01,4.456788e-03,6.686264e-11,2.089798e-05,1.986296e-05,2.979926e-13
3.810358e-02,7.631143e-01,4.712302e-04,5.425397e-15,6.606455e-03,2.240517e-01,6.251553e-36,4.865161e-14,5.579587e-03,9.838456e-06,3.089151e-02,2.190266e-05,3.762127e+02,9.210767e-01,6.606455e-03,4.432970e-10,2.377941e-05,4.364525e-05,2.928622e-12
5.004199e-02,7.618599e-01,6.188736e-04,1.782359e-14,8.676355e-03,2.212850e-01,4.657116e-37,2.046762e-13,7.327753e-03,1.292088e-05,3.272449e-02,2.290841e-05,4.013222e+02,8.595166e-01,8.676355e-03,1.974761e-09,2.665267e-05,7.527914e-05,1.713373e-11
6.154267e-02,7.606516e-01,7.611035e-04,4.778901e-14,1.067036e-02,2.186197e-01,0.000000e+00,6.810270e-13,9.011822e-03,1.589016e-05,3.446976e-02,2.383498e-05,4.251454e+02,8.078103e-01,1.067036e-02,6.694969e-09,2.950566e-05,1.138566e-04,7.143773e-11
7.266217e-02,7.594832e-01,8.986193e-04,1.099686e-13,1.259828e-02,2.160428e-01,6.375280e-36,1.896311e-12,1.064007e-02,1.876086e-05,3.614192e-02,2.469509e-05,4.478377e+02,7.636538e-01,1.259828e-02,1.863653e-08,3.233807e-05,1.587167e-04,2.347882e-10
8.345843e-02,7.583489e-01,1.032138e-03,2.251792e-13,1.447015e-02,2.135408e-01,2.024918e-34,4.602023e-12,1.222099e-02,2.154789e-05,3.775400e-02,2.549942e-05,4.695497e+02,7.253812e-01,1.447015e-02,4.477411e-08,3.515313e-05,2.093852e-04,6.478881e-10
9.399433e-02,7.572418e-01,1.162436e-03,4.217462e-13,1.629688e-02,2.110991e-01,4.926419e-38,1.003937e-11,1.376379e-02,2.426748e-05,3.931853e-02,2.625739e-05,4.904347e+02,6.917467e-01,1.629688e-02,9.622285e-08,3.795810e-05,2.655883e-04,1.568132e-09
1.043335e-01,7.561555e-01,1.290302e-03,7.381102e-13,1.808950e-02,2.087030e-01,1.153825e-35,2.016431e-11,1.527778e-02,2.693607e-05,4.084725e-02,2.697714e-05,5.106395e+02,6.618094e-01,1.808950e-02,1.899941e-07,4.076270e-05,3.272300e-04,3.436898e-09
1.145288e-01,7.550843e-01,1.416387e-03,1.227436e-12,1.985716e-02,2.063403e-01,1.909563e-35,3.798664e-11,1.677069e-02,2.956734e-05,4.234969e-02,2.766505e-05,5.302831e+02,6.348752e-01,1.985716e-02,3.517465e-07,4.357557e-05,3.943068e-04,6.984687e-09
1.246080e-01,7.540252e-01,1.541038e-03,1.964431e-12,2.160471e-02,2.040044e-01,3.223790e-34,6.805832e-11,1.824662e-02,3.216870e-05,4.383127e-02,2.832514e-05,5.494318e+02,6.104585e-01,2.160471e-02,6.198935e-07,4.639978e-05,4.667635e-04,1.339262e-08
1.345693e-01,7.529786e-01,1.664230e-03,3.054759e-12,2.333180e-02,2.016959e-01,1.557857e-33,1.171429e-10,1.970528e-02,3.473995e-05,4.529273e-02,2.895909e-05,5.680930e+02,5.882328e-01,2.333180e-02,1.051471e-06,4.923066e-05,5.443729e-04,2.453271e-08
1.443961e-01,7.519461e-01,1.785760e-03,4.649756e-12,2.503557e-02,1.994186e-01,5.162316e-33,1.952061e-10,2.114425e-02,3.727746e-05,4.673247e-02,2.956749e-05,5.862481e+02,5.679543e-01,2.503557e-02,1.731202e-06,5.205963e-05,6.267798e-04,4.334163e-08
1.540816e-01,7.509284e-01,1.905542e-03,6.971575e-12,2.671483e-02,1.971740e-01,2.963063e-32,3.170557e-10,2.256253e-02,3.978044e-05,4.815015e-02,3.015148e-05,6.038972e+02,5.493969e-01,2.671483e-02,2.786896e-06,5.488105e-05,7.136821e-04,7.445145e-08
1.636359e-01,7.499245e-01,2.023701e-03,1.035315e-11,2.837132e-02,1.949599e-01,1.476002e-31,5.049828e-10,2.396160e-02,4.225299e-05,4.954772e-02,3.071303e-05,6.210711e+02,5.323393e-01,2.837132e-02,4.414809e-06,5.769446e-05,8.049318e-04,1.252540e-07
1.730739e-01,7.489329e-01,2.140423e-03,1.529781e-11,3.000763e-02,1.927728e-01,6.855608e-31,7.927501e-10,2.534366e-02,4.470139e-05,5.092774e-02,3.125424e-05,6.378083e+02,5.165876e-01,3.000763e-02,6.919133e-06,6.050134e-05,9.004579e-04,2.076268e-07
1.824061e-01,7.479523e-01,2.255837e-03,2.256138e-11,3.162556e-02,1.906101e-01,2.993937e-30,1.231111e-09,2.671024e-02,4.713198e-05,5.229198e-02,3.177673e-05,6.541376e+02,5.019855e-01,3.162556e-02,1.076966e-05,6.330209e-05,1.000176e-03,3.405965e-07
1.916373e-01,7.469823e-01,2.370005e-03,3.327122e-11,3.322594e-02,1.884710e-01,1.237878e-29,1.895599e-09,2.806205e-02,4.955143e-05,5.364130e-02,3.228172e-05,6.700772e+02,4.884076e-01,3.322594e-02,1.668782e-05,6.609586e-05,1.103963e-03,5.544685e-07
2.007639e-01,7.460233e-01,2.482881e-03,4.908673e-11,3.480811e-02,1.863562e-01,4.866322e-29,2.896717e-09,2.939858e-02,5.196681e-05,5.497526e-02,3.276983e-05,6.856300e+02,4.757575e-01,3.480811e-02,2.576794e-05,6.887927e-05,1.211605e-03,8.969333e-07
2.097677e-01,7.450772e-01,2.594241e-03,7.236068e-11,3.636887e-02,1.842699e-01,1.818029e-28,4.389555e-09,3.071716e-02,5.438465e-05,5.629119e-02,3.324091e-05,7.007746e+02,4.639692e-01,3.636887e-02,3.961482e-05,7.164465e-05,1.322695e-03,1.440746e-06
2.186118e-01,7.441478e-01,2.703633e-03,1.062676e-10,3.790182e-02,1.822208e-01,6.426506e-28,6.579929e-09,3.201242e-02,5.681067e-05,5.758367e-02,3.369389e-05,7.154608e+02,4.530051e-01,3.790182e-02,6.047481e-05,7.437861e-05,1.436548e-03,2.292105e-06
2.272523e-01,7.432397e-01,2.810515e-03,1.548553e-10,3.939925e-02,1.802192e-01,2.135753e-27,9.723832e-09,3.327794e-02,5.925279e-05,5.884617e-02,3.412739e-05,7.296283e+02,4.428378e-01,3.939925e-02,9.132829e-05,7.706521e-05,1.552301e-03,3.598266e-06
2.356597e-01,7.423561e-01,2.914528e-03,2.231023e-10,4.085598e-02,1.782718e-01,6.644123e-27,1.412577e-08,3.450943e-02,6.172698e-05,6.007424e-02,3.454088e-05,7.432438e+02,4.334236e-01,4.085598e-02,1.359891e-04,7.969312e-05,1.669211e-03,5.555968e-06
2.438275e-01,7.414975e-01,3.015597e-03,3.170004e-10,4.227077e-02,1.763804e-01,1.933126e-26,2.013778e-08,3.570597e-02,6.425952e-05,6.126676e-02,3.493493e-05,7.563115e+02,4.246991e-01,4.227077e-02,1.992256e-04,8.225807e-05,1.786818e-03,8.421420e-06
2.517601e-01,7.406636e-01,3.113785e-03,4.435212e-10,4.364426e-02,1.745441e-01,5.266776e-26,2.815098e-08,3.686825e-02,6.688322e-05,6.242419e-02,3.531058e-05,7.688526e+02,4.165978e-01,4.364426e-02,2.868095e-04,8.475940e-05,1.904821e-03,1.251759e-05
2.594606e-01,7.398539e-01,3.209141e-03,6.103849e-10,4.497679e-02,1.727622e-01,1.346042e-25,3.857578e-08,3.799676e-02,6.963193e-05,6.354676e-02,3.566872e-05,7.808846e+02,4.090629e-01,4.497679e-02,4.054183e-04,8.719617e-05,2.022912e-03,1.823441e-05
2.669280e-01,7.390685e-01,3.301666e-03,8.257549e-10,4.626797e-02,1.710354e-01,3.233906e-25,5.182119e-08,3.909141e-02,7.253682e-05,6.463409e-02,3.600996e-05,7.924174e+02,4.020486e-01,4.626797e-02,5.624566e-04,8.956619e-05,2.140725e-03,2.602373e-05
2.741598e-01,7.383076e-01,3.391348e-03,1.097934e-09,4.751715e-02,1.693642e-01,7.323336e-25,6.827845e-08,4.015192e-02,7.562356e-05,6.568559e-02,3.633480e-05,8.034582e+02,3.955157e-01,4.751715e-02,7.658452e-04,9.186690e-05,2.257880e-03,3.639078e-05
2.811420e-01,7.375727e-01,3.478032e-03,1.434509e-09,4.872158e-02,1.677524e-01,1.566294e-24,8.827689e-08,4.117628e-02,7.890404e-05,6.669898e-02,3.664317e-05,8.139955e+02,3.894394e-01,4.872158e-02,1.023343e-03,9.409210e-05,2.373792e-03,4.985889e-05
2.878581e-01,7.368654e-01,3.561536e-03,1.841880e-09,4.987811e-02,1.662040e-01,3.170769e-24,1.120682e-07,4.216213e-02,8.237566e-05,6.767164e-02,3.693489e-05,8.240144e+02,3.837998e-01,4.987811e-02,1.342088e-03,9.623478e-05,2.487826e-03,6.694081e-05
2.943181e-01,7.361847e-01,3.642011e-03,2.326996e-09,5.098815e-02,1.647169e-01,6.106301e-24,1.399379e-07,4.311103e-02,8.603645e-05,6.860483e-02,3.721090e-05,8.335394e+02,3.785575e-01,5.098815e-02,1.729868e-03,9.829656e-05,2.599791e-03,8.820277e-05
3.005439e-01,7.355281e-01,3.719754e-03,2.897638e-09,5.205510e-02,1.632865e-01,1.125286e-23,1.722236e-07,4.402626e-02,8.988243e-05,6.950149e-02,3.747255e-05,8.426103e+02,3.736689e-01,5.205510e-02,2.195369e-03,1.002828e-04,2.709733e-03,1.142802e-04
3.065486e-01,7.348944e-01,3.794959e-03,3.561111e-09,5.308081e-02,1.619100e-01,1.993326e-23,2.092424e-07,4.490981e-02,9.389783e-05,7.036330e-02,3.772076e-05,8.512526e+02,3.691015e-01,5.308081e-02,2.747121e-03,1.021962e-04,2.817572e-03,1.458194e-04
3.123213e-01,7.342845e-01,3.867521e-03,4.321365e-09,5.406304e-02,1.605904e-01,3.400442e-23,2.511371e-07,4.576014e-02,9.804341e-05,7.118851e-02,3.795538e-05,8.594561e+02,3.648441e-01,5.406304e-02,3.390964e-03,1.040318e-04,2.922812e-03,1.833258e-04
3.178458e-01,7.337001e-01,3.937266e-03,5.179298e-09,5.499872e-02,1.593316e-01,5.593189e-23,2.979029e-07,4.657494e-02,1.022681e-04,7.197470e-02,3.817610e-05,8.672045e+02,3.608900e-01,5.499872e-02,4.130054e-03,1.057832e-04,3.024859e-03,2.271477e-04
3.231474e-01,7.331386e-01,4.004537e-03,6.140514e-09,5.589179e-02,1.581281e-01,8.911142e-23,3.498076e-07,4.735797e-02,1.065492e-04,7.272533e-02,3.838422e-05,8.745386e+02,3.572046e-01,5.589179e-02,4.971495e-03,1.074572e-04,3.123892e-03,2.778658e-04
3.282600e-01,7.325963e-01,4.069795e-03,7.213488e-09,5.674764e-02,1.569725e-01,1.381770e-22,4.072802e-07,4.811429e-02,1.108746e-04,7.344510e-02,3.858130e-05,8.815095e+02,3.537509e-01,5.674764e-02,5.925043e-03,1.090635e-04,3.220295e-03,3.362322e-04
3.331785e-01,7.320736e-01,4.133005e-03,8.399018e-09,5.756508e-02,1.558662e-01,2.087453e-22,4.703456e-07,4.884321e-02,1.152028e-04,7.413318e-02,3.876734e-05,8.881137e+02,3.505211e-01,5.756508e-02,6.993710e-03,1.105992e-04,3.313738e-03,4.025935e-04
3.379047e-01,7.315705e-01,4.194214e-03,9.697235e-09,5.834410e-02,1.548092e-01,3.076645e-22,5.390062e-07,4.954502e-02,1.194990e-04,7.478974e-02,3.894259e-05,8.943568e+02,3.475034e-01,5.834410e-02,8.179755e-03,1.120639e-04,3.404034e-03,4.772404e-04
3.424893e-01,7.310813e-01,4.254109e-03,1.112237e-08,5.909273e-02,1.537903e-01,4.446582e-22,6.140148e-07,5.022729e-02,1.237775e-04,7.542171e-02,3.910906e-05,9.003082e+02,3.446570e-01,5.909273e-02,9.498438e-03,1.134724e-04,3.491951e-03,5.612886e-04
3.469623e-01,7.306029e-01,4.313124e-03,1.268636e-08,5.981540e-02,1.528032e-01,6.320529e-22,6.960029e-07,5.089457e-02,1.280389e-04,7.603304e-02,3.926789e-05,9.060061e+02,3.419575e-01,5.981540e-02,1.096342e-02,1.148327e-04,3.577882e-03,6.557814e-04
3.513343e-01,7.301341e-01,4.371446e-03,1.439590e-08,6.051322e-02,1.518462e-01,8.846445e-22,7.853313e-07,5.154854e-02,1.322688e-04,7.662490e-02,3.941945e-05,9.114621e+02,3.393942e-01,6.051322e-02,1.258379e-02,1.161465e-04,3.661850e-03,7.614857e-04
3.556456e-01,7.296705e-01,4.429674e-03,1.627077e-08,6.119190e-02,1.509112e-01,1.223107e-21,8.830508e-07,5.219534e-02,1.364835e-04,7.720240e-02,3.956504e-05,9.167221e+02,3.369406e-01,6.119190e-02,1.438155e-02,1.174244e-04,3.744449e-03,8.800344e-04
3.599241e-01,7.292088e-01,4.488264e-03,1.832929e-08,6.185482e-02,1.499928e-01,1.673704e-21,9.901426e-07,5.283934e-02,1.406889e-04,7.776874e-02,3.970541e-05,9.218129e+02,3.345804e-01,6.185482e-02,1.637814e-02,1.186723e-04,3.826019e-03,1.013067e-03
3.641820e-01,7.287476e-01,4.547486e-03,2.058357e-08,6.250263e-02,1.490897e-01,2.267983e-21,1.107279e-06,5.348260e-02,1.448758e-04,7.832490e-02,3.984072e-05,9.267391e+02,3.323073e-01,6.250263e-02,1.858985e-02,1.198912e-04,3.906579e-03,1.161915e-03
3.684337e-01,7.282852e-01,4.607657e-03,2.304585e-08,6.313606e-02,1.482000e-01,3.044767e-21,1.235155e-06,5.412756e-02,1.490364e-04,7.887199e-02,3.997106e-05,9.315048e+02,3.301153e-01,6.313606e-02,2.103381e-02,1.210821e-04,3.986162e-03,1.327992e-03
3.726861e-01,7.278206e-01,4.669016e-03,2.572157e-08,6.375442e-02,1.473239e-01,4.048695e-21,1.374136e-06,5.477558e-02,1.531542e-04,7.940998e-02,4.009626e-05,9.361032e+02,3.280036e-01,6.375442e-02,2.372129e-02,1.222434e-04,4.064626e-03,1.512337e-03
3.769425e-01,7.273531e-01,4.731766e-03,2.860855e-08,6.435621e-02,1.464624e-01,5.328875e-21,1.524219e-06,5.542748e-02,1.572077e-04,7.993825e-02,4.021593e-05,9.405208e+02,3.259739e-01,6.435621e-02,2.665668e-02,1.233716e-04,4.141722e-03,1.715523e-03
3.812055e-01,7.268821e-01,4.796121e-03,3.169665e-08,6.493964e-02,1.456170e-01,6.936707e-21,1.685014e-06,5.608406e-02,1.611739e-04,8.045600e-02,4.032961e-05,9.447417e+02,3.240286e-01,6.493964e-02,2.983700e-02,1.244631e-04,4.217157e-03,1.937604e-03
3.854753e-01,7.264074e-01,4.862280e-03,3.496412e-08,6.550237e-02,1.447897e-01,8.920434e-21,1.855549e-06,5.674578e-02,1.650262e-04,8.096203e-02,4.043676e-05,9.487456e+02,3.221720e-01,6.550237e-02,3.324789e-02,1.255130e-04,4.290560e-03,2.177816e-03
3.897401e-01,7.259299e-01,4.930259e-03,3.836705e-08,6.604036e-02,1.439850e-01,1.131144e-20,2.033717e-06,5.741122e-02,1.687274e-04,8.145367e-02,4.053647e-05,9.525004e+02,3.204135e-01,6.604036e-02,3.685213e-02,1.265130e-04,4.361329e-03,2.433728e-03
3.939623e-01,7.254535e-01,4.999636e-03,4.182559e-08,6.654675e-02,1.432119e-01,1.409960e-20,2.215524e-06,5.807489e-02,1.722217e-04,8.192551e-02,4.062740e-05,9.559555e+02,3.187715e-01,6.654675e-02,4.057339e-02,1.274499e-04,4.428470e-03,2.700027e-03
3.980841e-01,7.249846e-01,5.069561e-03,4.522933e-08,6.701337e-02,1.424821e-01,1.721589e-20,2.395321e-06,5.872788e-02,1.754459e-04,8.237056e-02,4.070809e-05,9.590557e+02,3.172678e-01,6.701337e-02,4.429925e-02,1.283083e-04,4.490792e-03,2.968642e-03
4.020462e-01,7.245300e-01,5.139018e-03,4.846166e-08,6.743378e-02,1.418058e-01,2.053814e-20,2.567048e-06,5.936072e-02,1.783507e-04,8.278268e-02,4.077759e-05,9.617621e+02,3.159189e-01,6.743378e-02,4.790513e-02,1.290761e-04,4.547315e-03,3.230424e-03
4.058048e-01,7.240950e-01,5.207106e-03,5.142623e-08,6.780503e-02,1.411889e-01,2.391755e-20,2.725598e-06,5.996607e-02,1.809134e-04,8.315838e-02,4.083573e-05,9.640645e+02,3.147302e-01,6.780503e-02,5.128249e-02,1.297484e-04,4.597522e-03,3.477211e-03
4.093400e-01,7.236823e-01,5.273244e-03,5.406270e-08,6.812804e-02,1.406321e-01,2.721217e-20,2.867685e-06,6.054019e-02,1.831398e-04,8.349733e-02,4.088312e-05,9.659808e+02,3.136958e-01,6.812804e-02,5.435769e-02,1.303273e-04,4.641430e-03,3.703283e-03
4.126530e-01,7.232921e-01,5.337181e-03,5.634578e-08,6.840635e-02,1.401321e-01,3.030794e-20,2.991824e-06,6.108261e-02,1.850547e-04,8.380159e-02,4.092078e-05,9.675461e+02,3.128023e-01,6.840635e-02,5.709339e-02,1.308199e-04,4.679429e-03,3.905550e-03
4.157580e-01,7.229235e-01,5.398911e-03,5.827563e-08,6.864471e-02,1.396836e-01,3.312456e-20,3.097869e-06,6.159501e-02,1.866917e-04,8.407445e-02,4.094992e-05,9.688023e+02,3.120333e-01,6.864471e-02,5.947998e-02,1.312357e-04,4.712096e-03,4.082986e-03
4.186766e-01,7.225741e-01,5.458597e-03,5.986819e-08,6.884812e-02,1.392805e-01,3.561311e-20,3.186515e-06,6.208033e-02,1.880862e-04,8.431965e-02,4.097171e-05,9.697907e+02,3.113720e-01,6.884812e-02,6.152611e-02,1.315844e-04,4.740064e-03,4.235957e-03
4.214332e-01,7.222416e-01,5.516500e-03,6.114688e-08,6.902125e-02,1.389167e-01,3.774887e-20,3.258878e-06,6.254208e-02,1.892710e-04,8.454087e-02,4.098716e-05,9.705482e+02,3.108032e-01,6.902125e-02,6.325015e-02,1.318750e-04,4.763933e-03,4.365604e-03
4.240516e-01,7.219234e-01,5.572917e-03,6.213709e-08,6.916817e-02,1.385868e-01,3.952362e-20,3.316201e-06,6.298380e-02,1.902746e-04,8.474143e-02,4.099712e-05,9.711059e+02,3.103136e-01,6.916817e-02,6.467406e-02,1.321151e-04,4.784236e-03,4.473386e-03
4.265535e-01,7.216172e-01,5.628143e-03,6.286310e-08,6.929224e-02,1.382861e-01,4.093938e-20,3.359686e-06,6.340873e-02,1.911204e-04,8.492415e-02,4.100229e-05,9.714891e+02,3.098925e-01,6.929224e-02,6.581970e-02,1.323113e-04,4.801415e-03,4.560794e-03
4.289582e-01,7.213209e-01,5.682460e-03,6.334699e-08,6.939622e-02,1.380108e-01,4.200479e-20,3.390436e-06,6.381984e-02,1.918274e-04,8.509143e-02,4.100319e-05,9.717177e+02,3.095310e-01,6.939622e-02,6.670750e-02,1.324688e-04,4.815835e-03,4.629248e-03
4.312831e-01,7.210324e-01,5.736144e-03,6.360827e-08,6.948235e-02,1.377574e-01,4.273254e-20,3.409432e-06,6.421985e-02,1.924108e-04,8.524527e-02,4.100024e-05,9.718074e+02,3.092221e-01,6.948235e-02,6.735584e-02,1.325916e-04,4.827797e-03,4.680042e-03
4.335434e-01,7.207502e-01,5.789446e-03,6.366367e-08,6.955239e-02,1.375233e-01,4.313731e-20,3.417517e-06,6.461110e-02,1.928825e-04,8.538731e-02,4.099376e-05,9.717703e+02,3.089599e-01,6.955239e-02,6.778055e-02,1.326831e-04,4.837535e-03,4.714299e-03
4.357516e-01,7.204727e-01,5.842585e-03,6.352760e-08,6.960771e-02,1.373064e-01,4.323510e-20,3.415414e-06,6.499564e-02,1.932515e-04,8.551886e-02,4.098398e-05,9.716154e+02,3.087402e-01,6.960771e-02,6.799520e-02,1.327458e-04,4.845233e-03,4.732990e-03
4.379191e-01,7.201987e-01,5.895773e-03,6.321250e-08,6.964938e-02,1.371046e-01,4.304290e-20,3.403751e-06,6.537528e-02,1.935246e-04,8.564101e-02,4.097106e-05,9.713495e+02,3.085594e-01,6.964938e-02,6.801149e-02,1.327818e-04,4.851036e-03,4.736958e-03
4.400562e-01,7.199269e-01,5.949213e-03,6.272910e-08,6.967824e-02,1.369166e-01,4.257831e-20,3.383068e-06,6.575172e-02,1.937070e-04,8.575467e-02,4.095512e-05,9.709772e+02,3.084148e-01,6.967824e-02,6.783951e-02,1.327923e-04,4.855057e-03,4.726938e-03
4.421727e-01,7.196562e-01,6.003108e-03,6.208661e-08,6.969489e-02,1.367411e-01,4.185926e-20,3.353829e-06,6.612657e-02,1.938020e-04,8.586059e-02,4.093623e-05,9.705015e+02,3.083043e-01,6.969489e-02,6.748780e-02,1.327787e-04,4.857378e-03,4.703555e-03
4.442767e-01,7.193855e-01,6.057642e-03,6.129321e-08,6.969976e-02,1.365771e-01,4.090425e-20,3.316443e-06,6.650124e-02,1.938117e-04,8.595936e-02,4.091440e-05,9.699241e+02,3.082264e-01,6.969976e-02,6.696381e-02,1.327414e-04,4.858057e-03,4.667361e-03
4.463746e-01,7.191142e-01,6.112955e-03,6.035697e-08,6.969311e-02,1.364238e-01,3.973330e-20,3.271313e-06,6.687677e-02,1.937371e-04,8.605137e-02,4.088964e-05,9.692458e+02,3.081802e-01,6.969311e-02,6.627464e-02,1.326809e-04,4.857130e-03,4.618886e-03
4.484700e-01,7.188417e-01,6.169130e-03,5.928676e-08,6.967515e-02,1.362808e-01,3.836893e-20,3.218880e-06,6.725381e-02,1.935784e-04,8.613688e-02,4.086197e-05,9.684676e+02,3.081649e-01,6.967515e-02,6.542805e-02,1.325977e-04,4.854627e-03,4.558709e-03
4.505646e-01,7.185678e-01,6.226200e-03,5.809282e-08,6.964603e-02,1.361478e-01,3.683660e-20,3.159659e-06,6.763261e-02,1.933357e-04,8.621602e-02,4.083143e-05,9.675906e+02,3.081801e-01,6.964603e-02,6.443311e-02,1.324921e-04,4.850569e-03,4.487510e-03
4.526595e-01,7.182925e-01,6.284178e-03,5.678626e-08,6.960594e-02,1.360246e-01,3.516367e-20,3.094211e-06,6.801333e-02,1.930092e-04,8.628890e-02,4.079804e-05,9.666165e+02,3.082252e-01,6.960594e-02,6.330002e-02,1.323644e-04,4.844987e-03,4.406057e-03
4.547569e-01,7.180155e-01,6.343107e-03,5.537792e-08,6.955502e-02,1.359109e-01,3.337737e-20,3.023094e-06,6.839631e-02,1.925986e-04,8.635565e-02,4.076183e-05,9.655461e+02,3.082998e-01,6.955502e-02,6.203903e-02,1.322149e-04,4.837901e-03,4.315126e-03
4.568605e-01,7.177363e-01,6.403086e-03,5.387737e-08,6.949334e-02,1.358063e-01,3.150310e-20,2.946799e-06,6.878225e-02,1.921032e-04,8.641645e-02,4.072278e-05,9.643792e+02,3.084037e-01,6.949334e-02,6.065946e-02,1.320437e-04,4.829324e-03,4.215428e-03
4.589764e-01,7.174542e-01,6.464273e-03,5.229251e-08,6.942084e-02,1.357105e-01,2.956377e-20,2.865739e-06,6.917218e-02,1.915212e-04,8.647149e-02,4.068081e-05,9.631138e+02,3.085369e-01,6.942084e-02,5.916915e-02,1.318507e-04,4.819253e-03,4.107572e-03
4.611112e-01,7.171682e-01,6.526862e-03,5.063003e-08,6.933734e-02,1.356231e-01,2.758028e-20,2.780259e-06,6.956735e-02,1.908499e-04,8.652092e-02,4.063580e-05,9.617464e+02,3.086998e-01,6.933734e-02,5.757479e-02,1.316353e-04,4.807667e-03,3.992083e-03
4.632722e-01,7.168774e-01,6.591068e-03,4.889593e-08,6.924252e-02,1.355439e-01,2.557215e-20,2.690675e-06,6.996909e-02,1.900854e-04,8.656483e-02,4.058760e-05,9.602725e+02,3.088931e-01,6.924252e-02,5.588237e-02,1.313969e-04,4.794527e-03,3.869436e-03
4.654670e-01,7.165808e-01,6.657123e-03,4.709574e-08,6.913596e-02,1.354726e-01,2.355771e-20,2.597271e-06,7.037881e-02,1.892228e-04,8.660326e-02,4.053601e-05,9.586863e+02,3.091180e-01,6.913596e-02,5.409734e-02,1.311344e-04,4.779781e-03,3.740072e-03
4.677031e-01,7.162772e-01,6.725273e-03,4.523491e-08,6.901710e-02,1.354092e-01,2.155450e-20,2.500331e-06,7.079796e-02,1.882566e-04,8.663618e-02,4.048082e-05,9.569810e+02,3.093758e-01,6.901710e-02,5.222506e-02,1.308468e-04,4.763360e-03,3.604422e-03
4.699877e-01,7.159659e-01,6.795758e-03,4.331949e-08,6.888533e-02,1.353537e-01,1.957985e-20,2.400169e-06,7.122792e-02,1.871802e-04,8.666346e-02,4.042178e-05,9.551495e+02,3.096683e-01,6.888533e-02,5.027152e-02,1.305325e-04,4.745189e-03,3.462970e-03
4.723276e-01,7.156456e-01,6.868811e-03,4.135624e-08,6.873997e-02,1.353061e-01,1.765068e-20,2.297134e-06,7.167002e-02,1.859869e-04,8.668494e-02,4.035866e-05,9.531841e+02,3.099973e-01,6.873997e-02,4.824344e-02,1.301904e-04,4.725183e-03,3.316253e-03
4.747297e-01,7.153156e-01,6.944675e-03,3.935242e-08,6.858025e-02,1.352668e-01,1.578305e-20,2.191605e-06,7.212559e-02,1.846691e-04,8.670040e-02,4.029118e-05,9.510766e+02,3.103649e-01,6.858025e-02,4.614818e-02,1.298187e-04,4.703251e-03,3.164854e-03
4.772011e-01,7.149747e-01,7.023607e-03,3.731570e-08,6.840535e-02,1.352358e-01,1.399177e-20,2.083983e-06,7.259604e-02,1.832187e-04,8.670955e-02,4.021906e-05,9.488179e+02,3.107738e-01,6.840535e-02,4.399364e-02,1.294159e-04,4.679292e-03,3.009400e-03
4.797493e-01,7.146220e-01,7.105879e-03,3.525416e-08,6.821432e-02,1.352134e-01,1.229013e-20,1.974687e-06,7.308285e-02,1.816270e-04,8.671205e-02,4.014197e-05,9.463981e+02,3.112265e-01,6.821432e-02,4.178826e-02,1.289799e-04,4.653193e-03,2.850558e-03
4.823819e-01,7.142562e-01,7.191780e-03,3.317635e-08,6.800615e-02,1.352001e-01,1.068982e-20,1.864168e-06,7.358756e-02,1.798845e-04,8.670752e-02,4.005957e-05,9.438066e+02,3.117262e-01,6.800615e-02,3.954121e-02,1.285088e-04,4.624836e-03,2.689045e-03
4.851068e-01,7.138763e-01,7.281598e-03,3.109165e-08,6.777976e-02,1.351960e-01,9.200840e-21,1.752920e-06,7.411172e-02,1.779817e-04,8.669551e-02,3.997150e-05,9.410324e+02,3.122761e-01,6.777976e-02,3.726268e-02,1.280005e-04,4.594096e-03,2.525656e-03
4.879314e-01,7.134812e-01,7.375627e-03,2.901016e-08,6.753406e-02,1.352018e-01,7.831197e-21,1.641475e-06,7.465686e-02,1.759092e-04,8.667552e-02,3.987741e-05,9.380644e+02,3.128797e-01,6.753406e-02,3.496393e-02,1.274529e-04,4.560849e-03,2.361256e-03
4.908634e-01,7.130697e-01,7.474160e-03,2.694253e-08,6.726790e-02,1.352179e-01,6.586575e-21,1.530400e-06,7.522451e-02,1.736576e-04,8.664702e-02,3.977691e-05,9.348911e+02,3.135408e-01,6.726790e-02,3.265709e-02,1.268636e-04,4.524970e-03,2.196774e-03
4.939106e-01,7.126407e-01,7.577499e-03,2.489974e-08,6.698010e-02,1.352446e-01,5.470076e-21,1.420279e-06,7.581626e-02,1.712180e-04,8.660943e-02,3.966963e-05,9.315010e+02,3.142632e-01,6.698010e-02,3.035494e-02,1.262306e-04,4.486334e-03,2.033177e-03
4.970810e-01,7.121930e-01,7.685955e-03,2.289278e-08,6.666946e-02,1.352825e-01,4.482075e-21,1.311702e-06,7.643372e-02,1.685819e-04,8.656212e-02,3.955517e-05,9.278821e+02,3.150512e-01,6.666946e-02,2.807060e-02,1.255516e-04,4.444817e-03,1.871452e-03
5.003833e-01,7.117254e-01,7.799865e-03,2.093233e-08,6.633468e-02,1.353322e-01,3.620239e-21,1.205243e-06,7.707866e-02,1.657415e-04,8.650440e-02,3.943310e-05,9.240216e+02,3.159093e-01,6.633468e-02,2.581719e-02,1.248241e-04,4.400290e-03,1.712575e-03
5.038269e-01,7.112365e-01,7.919584e-03,1.902862e-08,6.597441e-02,1.353941e-01,2.879741e-21,1.101457e-06,7.775295e-02,1.626898e-04,8.643557e-02,3.930298e-05,9.199065e+02,3.168425e-01,6.597441e-02,2.360761e-02,1.240458e-04,4.352623e-03,1.557498e-03
5.074217e-01,7.107249e-01,8.045495e-03,1.719130e-08,6.558721e-02,1.354687e-01,2.253602e-21,1.000869e-06,7.845860e-02,1.594209e-04,8.635484e-02,3.916433e-05,9.155227e+02,3.178561e-01,6.558721e-02,2.145444e-02,1.232140e-04,4.301682e-03,1.407137e-03
5.111783e-01,7.101889e-01,8.177999e-03,1.542936e-08,6.517161e-02,1.355567e-01,1.733080e-21,9.039728e-07,7.919776e-02,1.559312e-04,8.626137e-02,3.901667e-05,9.108558e+02,3.189559e-01,6.517161e-02,1.936978e-02,1.223262e-04,4.247339e-03,1.262360e-03
5.151080e-01,7.096271e-01,8.317517e-03,1.375099e-08,6.472605e-02,1.356585e-01,1.308125e-21,8.112232e-07,7.997265e-02,1.522192e-04,8.615427e-02,3.885946e-05,9.058910e+02,3.201481e-01,6.472605e-02,1.736513e-02,1.213796e-04,4.189462e-03,1.123976e-03
5.192218e-01,7.090377e-01,8.464465e-03,1.216375e-08,6.424903e-02,1.357747e-01,9.678703e-22,7.230435e-07,8.078551e-02,1.482876e-04,8.603262e-02,3.869221e-05,9.006139e+02,3.214393e-01,6.424903e-02,1.545147e-02,1.203717e-04,4.127938e-03,9.927420e-04
5.235301e-01,7.084193e-01,8.619227e-03,1.067449e-08,6.373917e-02,1.359058e-01,7.010862e-22,6.398251e-07,8.163839e-02,1.441448e-04,8.589549e-02,3.851446e-05,8.950118e+02,3.228358e-01,6.373917e-02,1.363927e-02,1.193005e-04,4.062682e-03,8.693557e-04
5.280424e-01,7.077706e-01,8.782160e-03,9.288990e-09,6.319522e-02,1.360521e-01,4.965427e-22,5.619063e-07,8.253322e-02,1.398054e-04,8.574196e-02,3.832577e-05,8.890735e+02,3.243442e-01,6.319522e-02,1.193788e-02,1.181639e-04,3.993636e-03,7.544170e-04
5.327690e-01,7.070900e-01,8.953629e-03,8.011386e-09,6.261594e-02,1.362141e-01,3.433797e-22,4.895417e-07,8.347200e-02,1.352898e-04,8.557107e-02,3.812572e-05,8.827880e+02,3.259715e-01,6.261594e-02,1.035491e-02,1.169603e-04,3.920756e-03,6.483824e-04
5.377207e-01,7.063760e-01,9.134025e-03,6.844101e-09,6.200006e-02,1.363921e-01,2.315095e-22,4.228970e-07,8.445688e-02,1.306248e-04,8.538183e-02,3.791386e-05,8.761440e+02,3.277252e-01,6.200006e-02,8.895905e-03,1.156880e-04,3.844007e-03,5.515466e-04
5.429074e-01,7.056272e-01,9.323701e-03,5.788208e-09,6.134645e-02,1.365864e-01,1.519419e-22,3.620710e-07,8.548983e-02,1.258452e-04,8.517327e-02,3.768979e-05,8.691320e+02,3.296130e-01,6.134645e-02,7.564843e-03,1.143456e-04,3.763387e-03,4.640763e-04
5.483360e-01,7.048427e-01,9.522889e-03,4.843646e-09,6.065449e-02,1.367970e-01,9.694267e-23,3.071081e-07,8.657219e-02,1.209956e-04,8.494456e-02,3.745327e-05,8.617479e+02,3.316415e-01,6.065449e-02,6.364249e-03,1.129330e-04,3.678967e-03,3.860203e-04
5.540089e-01,7.040221e-01,9.731644e-03,4.009036e-09,5.992417e-02,1.370237e-01,6.006641e-23,2.579898e-07,8.770436e-02,1.161297e-04,8.469506e-02,3.720427e-05,8.539945e+02,3.338163e-01,5.992417e-02,5.294932e-03,1.114513e-04,3.590906e-03,3.172944e-04
5.599255e-01,7.031656e-01,9.949920e-03,3.281111e-09,5.915595e-02,1.372664e-01,3.611189e-23,2.146002e-07,8.888620e-02,1.113065e-04,8.442434e-02,3.694289e-05,8.458790e+02,3.361420e-01,5.915595e-02,4.355157e-03,1.099026e-04,3.499426e-03,2.576334e-04
5.660824e-01,7.022737e-01,1.017754e-02,2.654839e-09,5.835074e-02,1.375243e-01,2.105201e-23,1.767323e-07,9.011692e-02,1.065866e-04,8.413214e-02,3.666941e-05,8.374138e+02,3.386221e-01,5.835074e-02,3.540724e-03,1.082901e-04,3.404809e-03,2.066039e-04
5.724660e-01,7.013484e-01,1.041397e-02,2.124054e-09,5.751080e-02,1.377965e-01,1.190252e-23,1.441224e-07,9.139379e-02,1.020328e-04,8.381878e-02,3.638453e-05,8.286250e+02,3.412564e-01,5.751080e-02,2.845701e-03,1.066193e-04,3.307492e-03,1.636585e-04
5.790592e-01,7.003923e-01,1.065853e-02,1.680925e-09,5.663894e-02,1.380819e-01,6.529999e-24,1.164137e-07,9.271328e-02,9.770005e-05,8.348485e-02,3.608915e-05,8.195441e+02,3.440429e-01,5.663894e-02,2.261691e-03,1.048972e-04,3.207970e-03,1.280998e-04
5.858538e-01,6.994066e-01,1.091086e-02,1.315854e-09,5.573679e-02,1.383795e-01,3.475279e-24,9.314033e-08,9.407366e-02,9.362433e-05,8.313060e-02,3.578375e-05,8.101904e+02,3.469834e-01,5.573679e-02,1.777632e-03,1.031281e-04,3.106590e-03,9.907950e-05
5.928510e-01,6.983912e-01,1.117096e-02,1.018637e-09,5.480469e-02,1.386889e-01,1.791952e-24,7.379023e-08,9.547511e-02,8.982309e-05,8.275581e-02,3.546839e-05,8.005695e+02,3.500842e-01,5.480469e-02,1.381310e-03,1.013139e-04,3.003554e-03,7.570227e-05
6.000580e-01,6.973451e-01,1.143907e-02,7.794039e-10,5.384213e-02,1.390102e-01,8.934783e-25,5.785768e-08,9.691900e-02,8.629914e-05,8.235991e-02,3.514284e-05,7.906785e+02,3.533550e-01,5.384213e-02,1.060627e-03,9.945477e-05,2.898975e-03,5.710642e-05
6.074919e-01,6.962658e-01,1.171579e-02,5.889192e-10,5.284721e-02,1.393436e-01,4.294828e-25,4.485897e-08,9.840870e-02,8.304094e-05,8.194170e-02,3.480640e-05,7.805009e+02,3.568114e-01,5.284721e-02,8.040392e-04,9.754845e-05,2.792828e-03,4.249123e-05
6.151703e-01,6.951509e-01,1.200174e-02,4.390454e-10,5.181791e-02,1.396896e-01,1.983826e-25,3.436228e-08,9.994769e-02,8.002921e-05,8.149986e-02,3.445833e-05,7.700192e+02,3.604705e-01,5.181791e-02,6.012383e-04,9.559265e-05,2.685096e-03,3.115491e-05
6.230888e-01,6.940010e-01,1.229674e-02,3.229390e-10,5.075510e-02,1.400479e-01,8.796086e-26,2.600331e-08,1.015350e-01,7.724567e-05,8.103427e-02,3.409888e-05,7.592459e+02,3.643407e-01,5.075510e-02,4.434707e-04,9.359064e-05,2.576080e-03,2.250840e-05
6.312281e-01,6.928188e-01,1.260004e-02,2.345257e-10,4.966162e-02,1.404172e-01,3.746119e-26,1.945079e-08,1.031669e-01,7.466873e-05,8.054571e-02,3.372894e-05,7.482133e+02,3.684235e-01,4.966162e-02,3.228712e-04,9.154937e-05,2.466277e-03,1.603431e-05
6.395755e-01,6.916064e-01,1.291117e-02,1.682601e-10,4.853940e-02,1.407968e-01,1.532837e-26,1.438874e-08,1.048405e-01,7.226870e-05,8.003462e-02,3.334912e-05,7.369441e+02,3.727239e-01,4.853940e-02,2.321664e-04,8.947406e-05,2.356073e-03,1.126922e-05
6.481279e-01,6.903641e-01,1.322997e-02,1.193081e-10,4.738902e-02,1.411863e-01,6.023524e-27,1.052994e-08,1.065554e-01,7.001142e-05,7.950087e-02,3.295956e-05,7.254477e+02,3.772526e-01,4.738902e-02,1.649498e-04,8.736735e-05,2.245719e-03,7.816809e-06
6.568851e-01,6.890920e-01,1.355645e-02,8.364607e-11,4.621063e-02,1.415857e-01,2.272054e-27,7.625996e-09,1.083115e-01,6.786326e-05,7.894411e-02,3.256025e-05,7.137289e+02,3.820231e-01,4.621063e-02,1.158447e-04,8.523110e-05,2.135422e-03,5.353257e-06
6.658434e-01,6.877907e-01,1.389044e-02,5.802544e-11,4.500484e-02,1.419946e-01,8.226991e-28,5.468783e-09,1.101079e-01,6.579450e-05,7.836418e-02,3.215135e-05,7.017974e+02,3.870478e-01,4.500484e-02,8.047885e-05,8.306816e-05,2.025436e-03,3.621938e-06
6.749877e-01,6.864622e-01,1.423139e-02,3.987823e-11,4.377379e-02,1.424123e-01,2.863973e-28,3.887498e-09,1.119418e-01,6.378170e-05,7.776165e-02,3.173351e-05,6.896777e+02,3.923340e-01,4.377379e-02,5.537507e-05,8.088392e-05,1.916145e-03,2.423977e-06
6.842921e-01,6.851105e-01,1.457832e-02,2.719703e-11,4.252099e-02,1.428375e-01,9.612926e-29,2.743110e-09,1.138077e-01,6.180756e-05,7.713784e-02,3.130787e-05,6.774075e+02,3.978827e-01,4.252099e-02,3.780030e-05,7.868618e-05,1.808035e-03,1.607306e-06
6.937298e-01,6.837395e-01,1.493023e-02,1.843728e-11,4.125013e-02,1.432690e-01,3.120199e-29,1.923987e-09,1.157005e-01,5.985896e-05,7.649419e-02,3.087562e-05,6.650255e+02,4.036939e-01,4.125013e-02,2.564149e-05,7.648275e-05,1.701573e-03,1.057715e-06
7.032779e-01,6.823523e-01,1.528626e-02,1.244015e-11,3.996432e-02,1.437056e-01,9.817694e-30,1.342694e-09,1.176153e-01,5.792583e-05,7.583193e-02,3.043777e-05,6.525641e+02,4.097693e-01,3.996432e-02,1.730683e-05,7.428026e-05,1.597147e-03,6.916557e-07
7.129208e-01,6.809514e-01,1.564583e-02,8.361128e-12,3.866567e-02,1.441466e-01,2.996199e-30,9.328180e-10,1.195493e-01,5.600009e-05,7.515184e-02,2.999498e-05,6.400456e+02,4.161152e-01,3.866567e-02,1.163239e-05,7.208336e-05,1.495034e-03,4.497742e-07
7.226534e-01,6.795375e-01,1.600875e-02,5.598540e-12,3.735490e-02,1.445917e-01,8.839739e-31,6.450637e-10,1.215012e-01,5.407456e-05,7.445391e-02,2.954742e-05,6.274785e+02,4.227449e-01,3.735490e-02,7.786597e-06,6.989421e-05,1.395389e-03,2.908676e-07
7.324807e-01,6.781098e-01,1.637520e-02,3.733014e-12,3.603135e-02,1.450412e-01,2.518920e-31,4.437019e-10,1.234721e-01,5.214241e-05,7.373738e-02,2.909482e-05,6.148581e+02,4.296801e-01,3.603135e-02,5.188517e-06,6.771275e-05,1.298258e-03,1.869493e-07
7.424172e-01,6.766662e-01,1.674572e-02,2.475957e-12,3.469307e-02,1.454958e-01,7.145098e-32,3.031716e-10,1.254649e-01,5.019669e-05,7.300067e-02,2.863644e-05,6.021674e+02,4.369517e-01,3.469307e-02,3.437626e-06,6.553685e-05,1.203609e-03,1.192618e-07
7.524847e-01,6.752035e-01,1.712113e-02,1.631042e-12,3.333713e-02,1.459563e-01,1.809662e-32,2.054205e-10,1.274840e-01,4.823035e-05,7.224152e-02,2.817120e-05,5.893809e+02,4.445996e-01,3.333713e-02,2.261030e-06,6.336308e-05,1.111364e-03,7.537625e-08
7.626983e-01,6.737197e-01,1.750198e-02,1.065539e-12,3.196152e-02,1.464236e-01,4.170664e-33,1.377844e-10,1.295324e-01,4.623855e-05,7.145799e-02,2.769832e-05,5.764821e+02,4.526635e-01,3.196152e-02,1.473994e-06,6.118965e-05,1.021539e-03,4.711109e-08
7.730500e-01,6.722158e-01,1.788800e-02,6.898276e-13,3.056727e-02,1.468971e-01,1.102599e-34,9.139578e-11,1.316086e-01,4.422153e-05,7.064976e-02,2.721806e-05,5.634835e+02,4.611682e-01,3.056727e-02,9.516416e-07,5.901981e-05,9.343580e-04,2.908909e-08
7.835139e-01,6.706956e-01,1.827818e-02,4.424803e-13,2.915794e-02,1.473758e-01,6.961834e-36,5.992735e-11,1.337072e-01,4.218355e-05,6.981796e-02,2.673155e-05,5.504201e+02,4.701253e-01,2.915794e-02,6.082966e-07,5.686048e-05,8.501855e-04,1.773668e-08
7.940656e-01,6.691626e-01,1.867165e-02,2.810738e-13,2.773676e-02,1.478586e-01,2.652141e-35,3.881630e-11,1.358234e-01,4.012880e-05,6.896360e-02,2.623981e-05,5.373237e+02,4.795474e-01,2.773676e-02,3.847449e-07,5.471787e-05,7.693279e-04,1.067158e-08
8.046985e-01,6.676178e-01,1.906815e-02,1.765743e-13,2.630464e-02,1.483450e-01,1.259104e-35,2.480179e-11,1.379559e-01,3.805825e-05,6.808631e-02,2.574306e-05,5.242039e+02,4.894640e-01,2.630464e-02,2.404430e-07,5.259439e-05,6.919341e-04,6.324767e-09
8.154220e-01,6.660599e-01,1.946802e-02,1.094415e-13,2.486033e-02,1.488356e-01,3.360492e-34,1.559665e-11,1.401066e-01,3.596992e-05,6.718431e-02,2.524073e-05,5.110502e+02,4.999228e-01,2.486033e-02,1.481004e-07,5.048926e-05,6.180360e-04,3.681825e-09
8.262546e-01,6.644861e-01,1.987196e-02,6.671390e-14,2.340131e-02,1.493312e-01,2.773258e-37,9.624368e-12,1.422792e-01,3.386008e-05,6.625485e-02,2.473184e-05,4.978412e+02,5.109877e-01,2.340131e-02,8.961714e-08,4.840007e-05,5.476213e-04,2.097158e-09
8.372220e-01,6.628927e-01,2.028092e-02,3.984241e-14,2.192415e-02,1.498330e-01,5.741667e-34,5.807060e-12,1.444788e-01,3.172375e-05,6.529440e-02,2.421504e-05,4.845474e+02,5.227387e-01,2.192415e-02,5.306214e-08,4.632341e-05,4.806684e-04,1.163342e-09
8.483517e-01,6.612758e-01,2.069594e-02,2.320410e-14,2.042511e-02,1.503421e-01,0.000000e+00,3.411753e-12,1.467109e-01,2.955550e-05,6.429890e-02,2.368885e-05,4.711374e+02,5.352707e-01,2.042511e-02,3.059732e-08,4.425583e-05,4.171851e-04,6.249536e-10
8.596664e-01,6.596320e-01,2.111786e-02,1.311124e-14,1.890117e-02,1.508598e-01,1.968654e-34,1.943076e-12,1.489802e-01,2.735098e-05,6.326444e-02,2.315200e-05,4.575865e+02,5.486873e-01,1.890117e-02,1.709272e-08,4.219525e-05,3.572542e-04,3.230724e-10
8.711809e-01,6.579591e-01,2.154722e-02,7.147057e-15,1.735032e-02,1.513866e-01,1.552361e-34,1.067672e-12,1.512895e-01,2.510733e-05,6.218751e-02,2.260355e-05,4.438797e+02,5.630988e-01,1.735032e-02,9.197524e-09,4.014136e-05,3.010336e-04,1.595800e-10
8.829062e-01,6.562556e-01,2.198445e-02,3.733947e-15,1.577106e-02,1.519230e-01,2.313916e-34,5.630461e-13,1.536411e-01,2.282241e-05,6.106466e-02,2.204269e-05,4.300064e+02,5.786286e-01,1.577106e-02,4.735646e-09,3.809471e-05,2.487263e-04,7.468616e-11
8.948549e-01,6.545197e-01,2.243001e-02,1.854731e-15,1.416172e-02,1.524696e-01,2.536951e-35,2.832292e-13,1.560375e-01,2.049379e-05,5.989202e-02,2.146850e-05,4.159546e+02,5.954228e-01,1.416172e-02,2.314274e-09,3.605589e-05,2.005543e-04,3.277410e-11
9.070428e-01,6.527490e-01,2.288449e-02,8.671029e-16,1.252016e-02,1.530272e-01,6.106752e-35,1.349018e-13,1.584819e-01,1.811845e-05,5.866503e-02,2.087987e-05,4.017084e+02,6.136581e-01,1.252016e-02,1.062535e-09,3.402525e-05,1.567544e-04,1.330311e-11
9.194877e-01,6.509410e-01,2.334855e-02,3.766020e-16,1.084399e-02,1.535966e-01,9.159836e-35,6.030276e-14,1.609778e-01,1.569292e-05,5.737854e-02,2.027550e-05,3.872493e+02,6.335481e-01,1.084399e-02,4.523357e-10,3.200309e-05,1.175921e-04,4.905124e-12
9.322087e-01,6.490929e-01,2.382291e-02,1.493149e-16,9.130634e-03,1.541786e-01,7.074784e-37,2.502450e-14,1.635291e-01,1.321352e-05,5.602678e-02,1.965397e-05,3.725578e+02,6.553506e-01,9.130634e-03,1.754216e-10,2.999001e-05,8.336848e-05,1.601710e-12
9.452268e-01,6.472016e-01,2.430835e-02,5.271521e-17,7.377260e-03,1.547741e-01,0.000000e+00,9.512344e-15,1.661400e-01,1.067615e-05,5.460325e-02,1.901364e-05,3.576116e+02,6.793824e-01,7.377260e-03,6.043636e-11,2.798665e-05,5.442397e-05,4.458547e-13
9.585669e-01,6.452635e-01,2.480579e-02,1.593021e-17,5.580512e-03,1.553844e-01,0.000000e+00,3.255262e-15,1.688155e-01,8.075976e-06,5.310033e-02,1.835260e-05,3.423840e+02,7.060392e-01,5.580512e-03,1.777194e-11,2.599374e-05,3.114211e-05,9.917652e-14
9.722329e-01,6.432781e-01,2.531538e-02,3.834301e-18,3.739880e-03,1.560097e-01,4.474170e-37,9.823522e-16,1.715563e-01,5.412272e-06,5.151217e-02,1.766981e-05,3.268718e+02,7.357652e-01,3.739880e-03,4.146761e-12,2.401556e-05,1.398670e-05,1.550839e-14
9.861043e-01,6.412628e-01,2.583264e-02,6.114951e-19,1.871575e-03,1.566443e-01,2.889418e-37,2.562379e-16,1.743383e-01,2.708506e-06,4.984751e-02,1.697041e-05,3.112106e+02,7.688027e-01,1.871575e-03,6.373300e-13,2.207382e-05,3.502793e-06,1.192811e-15
1.000000e+00,6.392440e-01,2.635080e-02,0.000000e+00,0.000000e+00,1.572800e-01,0.000000e+00,0.000000e+00,1.771252e-01,0.000000e+00,4.812421e-02,1.626274e-05,2.956000e+02,8.052394e-01,0.000000e+00,0.000000e+00,2.019616e-05,0.000000e+00,0.000000e+00
